year_month,article_count,rate_per_100k,mean_title_sentiment,mean_title_risk,mean_body_risk,avg_sentiment,avg_risk,mean_body_sentiment,tweet_count,avg_likes
2011-02,1.0,0.7150166153500858,0.028871102258563,0.0,0.0150966183574879,-0.4655726974985252,0.0476190476190476,-0.2734556403011083,6,0.0
2011-03,1.0,0.8210572150842086,0.0211480110883712,0.0,0.0052631578947368,-0.0128726076334714,0.0,0.1981565803289413,5,1.0
2011-04,0.0,0.8331761407681084,-0.1254130841795442,0.0367833428467492,0.0204887508944706,-0.185547397795992,0.0218019977786161,-0.1673080405043852,0,7.516662220269161
2011-05,0.0,0.8755923806617576,-0.1254130841795442,0.0367833428467492,0.0204887508944706,-0.185547397795992,0.0218019977786161,-0.1673080405043852,0,7.516662220269161
2011-06,0.0,0.9695140547119806,-0.1254130841795442,0.0367833428467492,0.0204887508944706,-0.185547397795992,0.0218019977786161,-0.1673080405043852,0,7.516662220269161
2011-07,0.0,1.2573385397046,-0.1254130841795442,0.0367833428467492,0.0204887508944706,-0.1702408357678602,0.072980222391987,-0.1673080405043852,15,0.5333333333333333
2011-08,0.0,1.4785089334357706,-0.1254130841795442,0.0367833428467492,0.0204887508944706,-0.2515754725318402,0.0,-0.1673080405043852,4,0.0
2011-09,0.0,1.669382012957192,-0.1254130841795442,0.0367833428467492,0.0204887508944706,-0.1618834799155593,0.0,-0.1673080405043852,2,0.0
2011-10,0.0,1.769363149849365,-0.1254130841795442,0.0367833428467492,0.0204887508944706,-0.0163180753588676,0.2361111111111111,-0.1673080405043852,2,0.0
2011-11,1.0,1.4845683962777203,-0.0096698254346847,0.0909090909090909,0.0377643504531722,-0.185547397795992,0.0218019977786161,-0.2967628687620163,0,7.516662220269161
2011-12,0.0,1.3724683337016477,-0.1254130841795442,0.0367833428467492,0.0204887508944706,-0.9106748620979488,0.0,-0.1673080405043852,1,0.0
2012-01,1.0,1.36024602616735,-0.3201564401388168,0.1538461538461538,0.0381679389312977,-0.185547397795992,0.0218019977786161,-0.1650360263884067,0,7.516662220269161
2012-02,1.0,1.369254277996273,0.03270576428622,0.0,0.0,-0.6252142591401935,0.0,0.0623860862106084,2,0.0
2012-03,3.0,1.0809902194707417,-0.0181036714153985,0.0,0.0029959859605576,-0.090156199982933,0.0026419082125603,-0.0852399311649302,47,0.2978723404255319
2012-04,1.0,0.951871943256181,0.0243531027808785,0.0,0.0,-0.2456495605098704,0.0,-0.2451159637421369,6,3.333333333333333
2012-05,1.0,0.8707976767958754,0.0163447577506303,0.0,0.0181451612903225,-0.4021714739501476,0.0,-0.2359389439225196,2,0.0
2012-06,2.0,0.8587866743573116,0.0244264635257423,0.0,0.0168724507027616,-0.5237878551706672,0.0454545454545454,0.1769705242477357,2,0.0
2012-07,1.0,0.834764669480184,-0.0675362199544906,0.0,0.0161290322580645,0.1939977176953107,0.0,-0.5788708813488483,2,0.0
2012-08,3.0,0.9218444371597716,-0.0270709276665002,0.0,0.0045902361691835,-0.0574768284956614,0.0,0.0627846143518884,3,0.0
2012-09,3.0,0.8317619188705431,-0.4099542945623398,0.0,0.0244375988049137,-0.2377899147880574,0.0336134453781512,-0.2548462621246775,6,0.5
2012-10,0.0,0.768704156068083,-0.1254130841795442,0.0367833428467492,0.0204887508944706,-0.5780351773525277,0.0,-0.1673080405043852,3,0.3333333333333333
2012-11,1.0,0.8467756719187478,-0.2091528251767158,0.0,0.024102079395085,-0.185547397795992,0.0218019977786161,-0.640654762275517,0,7.516662220269161
2012-12,0.0,0.7056463932656232,-0.1254130841795442,0.0367833428467492,0.0204887508944706,-0.185547397795992,0.0218019977786161,-0.1673080405043852,0,7.516662220269161
2013-01,0.0,0.7500766372945188,-0.1254130841795442,0.0367833428467492,0.0204887508944706,-0.185547397795992,0.0218019977786161,-0.1673080405043852,0,7.516662220269161
2013-02,0.0,0.6399463373742919,-0.1254130841795442,0.0367833428467492,0.0204887508944706,-0.185547397795992,0.0218019977786161,-0.1673080405043852,0,7.516662220269161
2013-03,0.0,0.6012519076725904,-0.1254130841795442,0.0367833428467492,0.0204887508944706,-0.3087554067373276,0.1291341991341991,-0.1673080405043852,10,0.6
2013-04,2.0,0.7381706589247645,0.0295928446575998,0.1153846153846153,0.0139732685297691,-0.0734284198842942,0.0317460317460317,-0.0325824096798896,7,0.7142857142857143
2013-05,5.0,1.023914139798867,-0.0875464797019957,0.0545454545454545,0.0343046246794797,-0.3155578095879819,0.06335113096207,-0.2531395837664604,45,0.8444444444444444
2013-06,3.0,0.7947240561810974,-0.1860318932061394,0.0555555555555555,0.0293994884682143,-0.1734209740534424,0.0519078742608154,-0.213885488299032,9,1.1111111111111112
2013-07,5.0,0.8215125075130444,-0.2504206841811537,0.025,0.014965320428735,-0.4712439641589299,0.0217750257997936,-0.3932654425501823,16,2.625
2013-08,2.0,0.7917475615886587,-0.2009978033602238,0.0,0.0243746739518409,-0.3394716050585403,0.0835879806468041,-0.4019195837900042,17,1.7647058823529411
2013-09,3.0,0.6607817995213618,-0.1392055600881576,0.0333333333333333,0.0319465766626986,-0.1592198632424697,0.0286276223776223,-0.221001557384928,16,0.4375
2013-10,2.0,0.8125830237357287,-0.2391448831185698,0.0,0.0020387359836901,-0.5312854554504156,0.0,-0.2661092299968003,1,0.0
2013-11,0.0,0.9078308506937628,-0.1254130841795442,0.0367833428467492,0.0204887508944706,-0.1861903061314175,0.0,-0.1673080405043852,6,1.0
2013-12,1.0,0.7471001427020802,0.0559390867128968,0.0,0.0025510204081632,-0.2347491254331544,0.0138888888888888,0.3676061555743217,8,1.0
2014-01,1.0,0.731450295165264,-0.1847732467576861,0.0,0.0172413793103448,-0.4502641668368596,0.0601190476190476,-0.6847274620085955,15,3.6
2014-02,0.0,0.6134744411063504,-0.1254130841795442,0.0367833428467492,0.0204887508944706,-0.454950624002287,0.0961538461538461,-0.1673080405043852,13,1.0
2014-03,1.0,0.4394600563694529,-0.4051966816186905,0.3,0.0272314674735249,-0.1734447373399654,0.0085470085470085,0.0251997411251068,13,1.2307692307692308
2014-04,1.0,0.4866503979930183,-0.5701908953487873,0.0,0.0496453900709219,-0.2536745798840586,0.0843045112781955,-0.0107162110507488,14,5.714285714285714
2014-05,2.0,0.5249925505621653,-0.0994258455466478,0.0416666666666666,0.0146443514644351,-0.3877981232479214,0.0210526315789473,0.123320029117167,10,0.9
2014-06,0.0,0.4630552271812356,-0.1254130841795442,0.0367833428467492,0.0204887508944706,0.2047787285927269,0.0116959064327485,-0.1673080405043852,9,3.2222222222222223
2014-07,2.0,0.5515371177254208,-0.3088065534830093,0.0625,0.0353309884559884,-0.0833975191926583,0.0257867132867132,-0.5356903551146388,15,1.2666666666666666
2014-08,0.0,0.4778022089385998,-0.1254130841795442,0.0367833428467492,0.0204887508944706,-0.2290073487269894,0.0088794738823342,-0.1673080405043852,45,1.8888888888888888
2014-09,1.0,0.5220431542106925,-0.2817047480493784,0.0,0.0155642023346303,-0.4244325663229184,0.0341836734693877,-0.2371693383902311,14,1.2857142857142858
2014-10,0.0,0.5456383250224752,-0.1254130841795442,0.0367833428467492,0.0204887508944706,-0.4751155569517453,0.0104506802721088,-0.1673080405043852,28,2.25
2014-11,0.0,0.530891343265111,-0.1254130841795442,0.0367833428467492,0.0204887508944706,-0.0865209603944094,0.0538194444444444,-0.1673080405043852,16,2.1875
2014-12,0.0,0.5839804775916221,-0.1254130841795442,0.0367833428467492,0.0204887508944706,-0.1798519311616054,0.0096153846153846,-0.1673080405043852,13,2.923076923076923
2015-01,2.0,0.5906309959462538,-0.4206489459611475,0.0,0.0310714797193004,-0.3058194059024875,0.0157407407407407,-0.5342482174746692,12,1.9166666666666667
2015-02,2.0,0.4912178580147062,-0.3043616395443678,0.0,0.003003003003003,-0.1103978406637907,0.0,-0.4606836941093206,5,2.8
2015-03,1.0,0.5555440060880605,0.046890951693058,0.0,0.0023391812865497,-0.2803505804363845,0.0162594268476621,-0.3393997736275196,18,1.7222222222222223
2015-04,0.0,0.6169462383398988,-0.1254130841795442,0.0367833428467492,0.0204887508944706,0.2428671102071265,0.0,-0.1673080405043852,20,2.2
2015-05,0.0,0.4561308681565129,-0.1254130841795442,0.0367833428467492,0.0204887508944706,-0.1766604454722255,0.0055555555555555,-0.1673080405043852,20,2.2
2015-06,1.0,0.5847831643032216,0.1767034111544489,0.0,0.0030360531309297,0.0382576655330402,0.0,0.0259519964456558,13,1.6153846153846154
2015-07,3.0,0.809924682559962,-0.2002328603217999,0.0185185185185185,0.0161035064952361,-0.1364694403018802,0.0130434782608695,-0.2840354262540738,18,1.1666666666666667
2015-08,0.0,0.7163593762714465,-0.1254130841795442,0.0367833428467492,0.0204887508944706,-0.1730782661930118,0.0369453044375645,-0.1673080405043852,18,1.7777777777777777
2015-09,2.0,0.9151856521345418,-0.2543161017820238,0.0,0.0102522161249472,-0.1595589295919875,0.0101604278074866,-0.2872199304401875,30,1.5333333333333334
2015-10,1.0,1.1198597596406694,-0.0442262310534715,0.1875,0.048780487804878,-0.2049629114588479,0.0402204360004871,-0.625920576043427,23,3.0869565217391304
2015-11,2.0,0.9678161369218318,0.353169789770618,0.0,0.0156099920182902,-0.0748592522826844,0.0205498866213151,0.1193384039215743,28,1.1071428571428572
2015-12,0.0,0.8859464939193809,-0.1254130841795442,0.0367833428467492,0.0204887508944706,-0.2866863941308111,0.0053827751196172,-0.1673080405043852,27,3.2222222222222223
2016-01,1.0,0.8017329515845091,0.0717742070555687,0.0,0.0342465753424657,-0.1902707820991054,0.0143478260869565,0.0322766955941915,19,1.4736842105263157
2016-02,1.0,0.7552556790288854,-0.1516234446316957,0.0,0.0,-0.0038755583809688,0.0163223622782446,-0.2372027859091758,29,1.862068965517241
2016-03,4.0,0.633252838570373,-0.1002058528829365,0.0277777777777777,0.023758189325063,-0.181783098494634,0.0052178318135764,-0.3445085810963064,44,2.363636363636364
2016-04,2.0,0.7436363608899793,-0.2780541582033038,0.0,0.0229739726552253,-0.2285871490451466,0.0064649309500568,-0.3490038057789206,40,2.125
2016-05,2.0,0.560632100202211,-0.2763097053393721,0.0,0.0098005596400746,-0.1609451433178037,0.0024509803921568,-0.4829546171240508,23,1.608695652173913
2016-06,1.0,0.8336860764665003,-0.4652716498821974,0.0,0.001865671641791,-0.1610991647175979,0.0085227272727272,-0.0119465105235576,13,1.0769230769230769
2016-07,1.0,1.042833802966807,-0.3033387251198292,0.0,0.0042735042735042,-0.1995594109256013,0.0124692555682942,-0.6493000164628029,49,3.8979591836734695
2016-08,2.0,1.6615624938635478,-0.0268585409503429,0.0,0.013321203171422,-0.188659430887284,0.0195021707247492,0.0846419241279363,70,1.9
2016-09,0.0,2.0043323789612724,-0.1254130841795442,0.0367833428467492,0.0204887508944706,-0.3048098170597074,0.0106910039113428,-0.1673080405043852,57,3.263157894736842
2016-10,1.0,2.6172514107885605,-0.3766856845468282,0.1818181818181818,0.0797101449275362,-0.0993781172350716,0.0132713945207541,-0.2381754964590072,67,1.4477611940298507
2016-11,1.0,2.0159516971001787,0.0278325472027063,0.0,0.0121951219512195,-0.1042072802152046,0.0338717573997835,-0.0304582342505455,51,1.3529411764705883
2016-12,0.0,1.4785582331757794,-0.1254130841795442,0.0367833428467492,0.0204887508944706,-0.0043344767895014,0.0080011847013621,-0.1673080405043852,89,1.5056179775280898
2017-01,0.0,1.0348816096883882,-0.1254130841795442,0.0367833428467492,0.0204887508944706,0.0267839462030679,0.0026921523758244,-0.1673080405043852,35,1.0857142857142856
2017-02,2.0,0.794950957162868,-0.330081976018846,0.0,0.0202702702702702,-0.0757560419827519,0.0162135720815686,-0.2695785835385322,60,1.2
2017-03,0.0,0.8383119184626607,-0.1254130841795442,0.0367833428467492,0.0204887508944706,-0.1132722718793957,0.0361405651307345,-0.1673080405043852,64,1.109375
2017-04,3.0,0.7631529188763533,-0.0080128211217622,0.0,0.0014972266811872,-0.0755450156284496,0.0101076626796991,-0.1890126516421636,78,1.6025641025641026
2017-05,3.0,0.9019079950356904,0.0950725101865828,0.0,0.0018270408832772,-0.1777354919285114,0.02283134136395,-0.0527606240163246,68,3.294117647058824
2017-06,3.0,1.2632493392006303,-0.4091588626615703,0.0277777777777777,0.00726694554241,-0.216888933914943,0.0261009935259497,-0.2145448774099349,68,3.338235294117647
2017-07,3.0,1.3470805310468963,0.1376347675298651,0.0512820512820512,0.0238625703564727,-0.1481288282031362,0.0491289984071213,-0.1780198278526465,145,2.103448275862069
2017-08,3.0,1.9830412967771909,0.26927567863216,0.0,0.016731725219364,-0.0161614046883809,0.0297135880562403,0.055313452767829,116,2.2327586206896552
2017-09,0.0,2.280786564369101,-0.1254130841795442,0.0367833428467492,0.0204887508944706,-0.1186971204588189,0.0042159933464281,-0.1673080405043852,77,1.844155844155844
2017-10,5.0,3.3214496355641283,-0.0655297359451651,0.0,0.0242465373354623,-0.1974341285009032,0.0150046410915976,-0.3116343554109335,38,2.0526315789473686
2017-11,3.0,3.4717676347367434,0.0528274071402847,0.0,0.0281539510669793,-0.1155389390944602,0.0208307485962303,-0.137454895923535,102,2.92156862745098
2017-12,3.0,3.0612838677653715,0.3581638854617874,0.0,0.0308606232173111,-0.0381890204800686,0.0336517879006868,-0.1533624827861785,71,2.197183098591549
2018-01,0.0,2.8396204837133494,-0.1254130841795442,0.0367833428467492,0.0204887508944706,0.0281824804663371,0.0267249260686638,-0.1673080405043852,39,5.743589743589744
2018-02,1.0,1.7095380170984935,-0.6387953469529748,0.0,0.0013562386980108,-0.0363149144941417,0.0153622693096377,0.1091125458478927,32,11.03125
2018-03,0.0,1.5711605722068789,-0.1254130841795442,0.0367833428467492,0.0204887508944706,-0.208317450589675,0.0485327188568561,-0.1673080405043852,32,3.15625
2018-04,2.0,1.3491800876932465,-0.1826789376791567,0.0454545454545454,0.0103425696167631,0.0891576414869632,0.0054347826086956,0.140737249981612,3,3.0
2018-05,1.0,1.507737576631555,-0.9097780282609164,0.0,0.0030349013657056,-0.0125006501153675,0.0073002754820936,-0.7088011112064123,30,2.333333333333333
2018-06,1.0,1.3635944048694562,-0.2359568625688552,0.0,0.0,0.0338437666957217,0.0371152325077111,0.0545552968978881,38,3.1578947368421053
2018-07,1.0,1.6201692506059922,-0.1432743109762668,0.0,0.0098522167487684,0.0282872811907769,0.0043599534800612,-0.4002757705748081,53,25.49056603773585
2018-08,3.0,1.770078149238575,0.0760295229653517,0.1494949494949494,0.0263536209279769,-0.2184665401333144,0.0151526775083689,0.0063818680743376,21,2.4761904761904763
2018-09,3.0,1.6259349774764762,-0.2647697683423757,0.0,0.0100487792040051,-0.113554320401118,0.0202326747684532,0.0559161767984429,52,4.1923076923076925
2018-10,0.0,1.9776443165759976,-0.1254130841795442,0.0367833428467492,0.0204887508944706,-0.0061411642357064,0.0125843824119686,-0.1673080405043852,28,3.25
2018-11,4.0,2.003590087493176,-0.1348626624094322,0.0,0.0165017214328434,-0.1347806995795311,0.0095347033646589,-0.228195484727621,23,26.39130434782609
2018-12,1.0,1.7758438761090591,-0.1517635714262724,0.0,0.003613369467028,-0.3236884102970361,0.0147428571428571,-0.6161441672593355,25,5.72
2019-01,1.0,2.057479878768905,-0.6948175122961402,0.0,0.0043887147335423,-0.2357345474010799,0.0222764625725152,-0.5447966074571013,22,3.6818181818181817
2019-02,3.0,1.8701742875644531,-0.4895891118794679,0.074074074074074,0.0393547761601685,-0.2105253242076404,0.0691884005373663,-0.2596272242565949,31,3.70967741935484
2019-03,0.0,2.146810237651029,-0.1254130841795442,0.0367833428467492,0.0204887508944706,-0.0857446107855888,0.0120035125296281,-0.1673080405043852,34,9.588235294117649
2019-04,4.0,1.803896924522878,-0.0436708863126113,0.1607142857142857,0.0557751010221722,0.0445041325197301,0.0144740163363866,-0.1680474393069744,39,5.0256410256410255
2019-05,0.0,1.8759375365245905,-0.1254130841795442,0.0367833428467492,0.0204887508944706,0.0397429951774557,0.0090167221686943,-0.1673080405043852,23,3.9565217391304346
2019-06,2.0,1.6281178312386997,0.0282640168443322,0.0,0.0154586069917877,-0.0234186968965721,0.0159646937110217,-0.2082010302692651,14,5.714285714285714
2019-07,4.0,1.717448190120823,-0.0558711852645501,0.0,0.0218445187106743,0.0631744388867026,0.015566295744009,-0.3274430611636489,30,5.6
2019-08,5.0,2.089177748049659,0.1168118266854435,0.0348484848484848,0.0210196244787896,-0.1800189829003569,0.0388859551590703,-0.1184415092691779,37,6.756756756756757
2019-09,1.0,2.031545258448289,0.0661486107856035,0.0,0.0321543408360128,-0.0707805944149623,0.0166966263533564,-0.0470377728343009,79,8.025316455696203
2019-10,1.0,2.7548330029454813,-0.2509764619171619,0.2,0.0389221556886227,-0.1893118929568261,0.0121058769545358,-0.2602766640484333,72,6.569444444444445
2019-11,0.0,2.6424496482228097,-0.1254130841795442,0.0367833428467492,0.0204887508944706,-0.1626749150260972,0.0109785509031198,-0.1673080405043852,24,3.208333333333333
2019-12,0.0,2.2966547106145905,-0.1254130841795442,0.0367833428467492,0.0204887508944706,-0.169857201018286,0.0265869872809673,-0.1673080405043852,33,5.636363636363637
2020-01,2.0,1.9910722165926968,0.0228903256356716,0.0,0.0138637215454141,-0.0842606202117167,0.0147293400725895,0.2634835129138082,18,12.38888888888889
2020-02,4.0,2.019886575732967,-0.0444862089352682,0.0,0.0116716512910523,-0.0927293979584646,0.0125018195741879,-0.1129383718362078,31,5.0
2020-03,3.0,1.844118984977317,-0.4622581621321539,0.0,0.0087803973568452,-0.4655677030375227,0.0205026702139111,0.0653137403229872,98,5.408163265306122
2020-04,1.0,1.3341048281945276,0.6112394663505256,0.0,0.0228658536585365,-0.28523492662757,0.0238477220055998,0.0298642944544553,58,9.879310344827584
2020-05,1.0,1.2303731352895535,0.2108801268041134,0.0,0.0344827586206896,-0.1235408745908542,0.0186895940737102,-0.0173611193895339,22,9.318181818181818
2020-06,4.0,1.406140726045204,-0.0223393114283681,0.1112637362637362,0.0209837269866362,-0.417352475815763,0.024272705286338,0.2024441519752144,15,53.0
2020-07,3.0,1.2764761099139863,-0.192367418979605,0.0625,0.0432477073281507,-0.2206848664839829,0.0055724861108018,-0.2161630035067598,43,7.488372093023256
2020-08,3.0,1.6107226759411253,-0.2556805172935129,0.0999999999999999,0.0136747289129265,-0.309983474916468,0.0161764815644126,0.187288898974657,25,11.08
2020-09,2.0,1.6683513942216666,-0.074164624325931,0.0,0.0226924658602645,-0.2153543957911834,0.0097232052798379,-0.3044326063245535,33,6.787878787878788
2020-10,1.0,1.9968350884207509,0.0936691705137491,0.0,0.00734394124847,-0.0288335691590833,0.0073900903699419,0.8872630717232823,23,4.086956521739131
2020-11,2.0,1.858526164547452,-0.0015795500949024,0.0,0.0128175698046572,-0.0828067252755557,0.0073959408324733,-0.535167652182281,19,6.526315789473684
2020-12,3.0,1.835474677235236,-0.229559954876701,0.1111111111111111,0.028677807133071,-0.0909514935570769,0.0166721229570066,-0.2213120963424444,38,5.947368421052632
2021-01,1.0,2.107282899780834,0.0004350952804088,0.0,0.0095238095238095,-0.2486273802085114,0.0114308005600692,0.5217579901218414,34,18.705882352941178
2021-02,4.0,1.9107187884158177,-0.1143107188399881,0.0,0.0037839936365473,-0.0834133818668002,0.0185541372811874,0.0275342855602502,12,8.333333333333334
2021-03,3.0,1.94540657277435,-0.1040752554933229,0.0,0.0615126150540637,0.0311987392223355,0.0103227447574888,-0.3459715458254019,32,32.84375
2021-04,1.0,1.615872621368294,-0.482121161185205,0.2727272727272727,0.0386831275720164,-0.2111916796196825,0.013620184090518,0.0442069768905639,37,9.405405405405403
2021-05,4.0,1.6794668926922696,0.2585899271653034,0.0,0.0216245262892703,-0.1520002366642334,0.0261516098226801,0.0385268121026456,32,8.6875
2021-06,4.0,1.757514407498967,-0.0464237867854535,0.0454545454545454,0.0284246004012522,-0.0208118833273787,0.0142100239274068,-0.1073284815065562,25,11.0
2021-07,3.0,1.9656411136501608,-0.0270076788341005,0.0,0.0098988690843749,-0.0214284751429938,0.0109632506692038,-0.1010030973702669,37,8.35135135135135
2021-08,1.0,1.8095460840367656,-0.3658771198242903,0.0,0.0155038759689922,-0.1056399901572149,0.0216968312278393,-0.6883937083184719,32,9.875
2021-09,1.0,1.8355619223056647,-0.1598221492022276,0.0,0.0276497695852534,-0.2277913769697382,0.0162466335334996,-0.4243839550763368,22,5.136363636363637
2021-10,2.0,1.861577760574564,-0.0627900352701544,0.1,0.0381097560975609,-0.2580194817733411,0.0248180672914629,-0.2722508488222956,57,15.24561403508772
2021-11,2.0,1.954078518863983,-0.0382083915174007,0.0,0.0116976604679064,-0.1464598772767931,0.0203856151091445,0.2570959948934614,24,5.333333333333333
2021-12,2.0,1.8037647866436768,0.0153055842965841,0.0,0.0038703299572864,-0.0246258126995102,0.0069930069930069,-0.0494734942913055,11,4.909090909090909
2022-01,5.0,1.639544654263201,0.1729914135299623,0.0,0.0184294238220017,0.0195767430122941,0.0034188034188034,-0.0125976129435002,15,11.8
2022-02,4.0,1.5029159330746011,0.2763087798375636,0.0,0.0305428730680774,-0.1754882515690821,0.0154213323070904,0.0256664273329078,27,10.77777777777778
2022-03,3.0,1.459311022056963,0.2376120806050797,0.0,0.0197553836994806,-0.0407087501439758,0.0151943694706852,-0.1739365166674058,17,5.882352941176471
2022-04,2.0,1.700591529687895,-0.3680500658228993,0.1363636363636363,0.0303480475382003,-0.2357310068940645,0.0245442368810794,-0.4524368532001972,33,11.87878787878788
2022-05,0.0,1.889546144097661,-0.1254130841795442,0.0367833428467492,0.0204887508944706,-0.1532896442269604,0.0160410569245155,-0.1673080405043852,29,5.0
2022-06,1.0,1.7907083457910142,-0.7456820346415043,0.0,0.0089766606822262,-0.2948877422718285,0.0011443322289196,-0.4697135761380195,35,4.971428571428572
2022-07,6.0,1.726754476298478,-0.0620056677920123,0.0,0.0034399513634504,0.0849574916658695,0.0071973378095827,-0.1142468685284257,23,31.782608695652176
2022-08,4.0,1.9796629602007805,-0.3411573525518178,0.0238095238095238,0.0194966470853943,-0.1347767225926037,0.0110039380422655,0.1163219958543777,36,7.055555555555555
2022-09,1.0,1.9331510551152995,-0.0697532333433628,0.0,0.0080213903743315,-0.2349107515019102,0.0249297195786784,-0.1143744103610515,38,10.63157894736842
2022-10,1.0,1.622102689856146,-0.5170504730194807,0.0666666666666666,0.0511049723756906,-0.2381736901775002,0.0019036954087346,-0.4124836474657058,25,27.48
2022-11,4.0,1.8081503101980692,-0.299919641285669,0.0874125874125874,0.0301109310953451,-0.1318311483599245,0.0128932282694252,0.030715309549123,29,6.172413793103448
2022-12,1.0,1.6511726305345715,0.1319070709869265,0.0,0.0239774330042313,-0.3663211231275151,0.0190144682718027,0.0288643278181552,21,6.666666666666667
2023-01,2.0,1.7057291227763482,0.1021760245785117,0.0,0.0296352583586626,-0.2629222029101346,0.0234278719911202,0.2024201173335313,46,11.217391304347826
2023-02,7.0,1.354122267825857,-0.2215798097396535,0.0389610389610389,0.0061761546723952,-0.4392520199685047,0.039971570994349,-0.1636574534433228,104,14.557692307692308
2023-03,14.0,1.618553869482838,-0.0631256654326405,0.0340336134453781,0.0137362637362637,-0.220791757957119,0.0155719794924181,-0.3074068208225071,23,5.3478260869565215
2023-04,4.0,1.307628799402652,-0.4249978354200721,0.03125,0.0,-0.2250431875325739,0.0199507389162561,-0.5681252740323544,24,7.041666666666667
2023-05,3.0,1.4616384135545195,-0.1884363824501633,0.0,0.0024665257223396,-0.3972268583666947,0.0272006196683384,0.1643552704093357,18,5.555555555555555
2023-06,3.0,1.5778720846125334,-0.23758614808321,0.0,0.0023380093520374,-0.1041357434199502,0.0301100398816928,-0.0058041475713253,29,11.379310344827584
2023-07,6.0,1.5749662428360829,0.0757544684844712,0.0111111111111111,0.0003834723420573,0.0648377159722494,0.0236229886460269,0.0913812376869221,25,11.64
2023-08,7.0,1.9875957750920308,-0.1284354041729654,0.0168067226890756,0.0358273174600833,-0.3004347625673593,0.0271857152129862,-0.2189105272825275,56,23.571428571428573
2023-09,3.0,2.0195600346329847,-0.0270112287253141,0.0555555555555555,0.0286319989741282,-0.3459908539969167,0.0138114214176627,-0.1909182965755462,88,9.102272727272728
2023-10,4.0,2.6908094849930126,-0.1030476212035864,0.1572420634920635,0.0349591098607707,-0.0678158930831534,0.0089150770664802,-0.377706091850996,17,11.705882352941176
2023-11,6.0,3.672984005433227,-0.1397358277657379,0.0527332144979203,0.0249378978743867,-0.4066812693407493,0.0222222222222222,-0.3846297947069009,7,23.571428571428573
2023-12,1.0,3.96066234130181,0.2915782160125673,0.0,0.005813953488372,-0.2899614213633218,0.017095381132307,0.0879202242940664,28,55.71428571428572
2024-01,3.0,3.532108918927077,0.0404243553057313,0.0392156862745097,0.0324510201470203,-0.1994911998626776,0.0126937984496124,-0.1735308766365051,16,36.4375
2024-02,6.0,2.542310422855192,-0.2059784474161764,0.0386141636141635,0.0236131921561402,-0.3154274439227513,0.0388643632437186,-0.1940789223493387,22,14.590909090909092
2024-03,3.0,2.0373111901654544,-0.1920838703711826,0.1944444444444444,0.0621901331053852,-0.3454709695535712,0.0166815310293571,-0.275899978975455,20,8.05
2024-04,3.0,2.2248823337359283,-0.149082110573848,0.1512820512820512,0.0443413256241902,-0.4062909480370581,0.0251231136944124,-0.2638339673479398,25,84.16
2024-05,10.0,2.060396869374128,-0.1405239977873861,0.0695054945054944,0.0413884406167943,-0.0466626217239536,0.0084754326133636,-0.1447601256892084,30,55.46666666666667
2024-06,7.0,2.322996470372792,-0.1484596018812486,0.0221088435374149,0.0139940925390802,-0.3202940689613267,0.0386057401016833,-0.2506077148552452,24,4.958333333333333
2024-07,11.0,2.5567389723606126,-0.2605425688353451,0.090417537008446,0.0411759503058807,-0.3491702671162784,0.0688051416627549,-0.2237420638345859,42,16.285714285714285
2024-08,13.0,2.73276727632675,-0.326090938769854,0.0967032967032967,0.0458259060236328,-0.2574891870841383,0.008,-0.2811351419927982,5,5.2
2024-09,8.0,2.888595610985297,-0.3032487741438672,0.1664653361344537,0.0516707932657363,-0.3890598201416904,0.0466253260643654,-0.3570768012432381,79,9.08860759493671
2024-10,2.0,3.4715090110043088,-0.0385288149118423,0.0,0.0056818181818181,-0.2142835691817762,0.0193357387853243,-0.1695957733318209,33,13.909090909090908
2024-11,1.0,3.584051697146593,-0.0473674237728118,0.0,0.0083507306889352,-0.1951928724379589,0.0110129714968424,-0.433891212567687,14,10.857142857142858
2024-12,2.0,3.627337345662856,0.0625395392999053,0.2,0.0400535236396074,-0.3753882259596139,0.0063408521303258,-0.4690659940242767,25,43.2
