Year-Month,Precipitation,Avg Rel Hum (%),Avg Wind Speed (mph),Wind Run (miles),windeventcount,Avg Soil Temp (F),AQI_PM25,AQI_PM10,FIRE_Acres_Burned,fungicide_lbs_prd_used,rodent_lbs_prd_used,rate_per_100k
2001-01,3.83,61.54838709677419,2.987096774193548,2225.4,0.0,52.29032258064516,53.0,17.0,,12225.9641,277.3101,0.5217239323897956
2001-02,3.88,70.10714285714286,3.0107142857142857,2022.8,0.0,53.78928571428571,55.0,18.5,,36831.5654,556.7557,0.2608619661948978
2001-03,3.66,79.76666666666667,2.5806451612903225,1926.7,0.0,60.03548387096774,61.0,29.0,,27449.2184,1210.9238,0.1304309830974489
2001-04,1.06,73.93333333333334,2.943333333333334,2113.9,0.0,62.26,52.5,22.5,,54951.99,1218.4393,0.2608619661948978
2001-05,0.04,80.16666666666667,2.667741935483871,1984.1,0.0,67.98709677419355,71.5,43.0,,29149.4639,432.9895,0.0
2001-06,0.01,79.6,2.693333333333334,1938.3,0.0,72.02666666666667,66.5,31.5,,9032.4264,1526.6559,0.7825858985846933
2001-07,0.0,80.6774193548387,2.6548387096774193,1972.5,0.0,74.3483870967742,67.0,31.0,,2232.6079,1277.3229,0.2608619661948978
2001-08,0.0,80.90322580645162,2.6322580645161286,1958.0,0.0,74.67096774193548,63.0,35.5,,3685.9562,1142.979,0.2608619661948978
2001-09,0.0,80.72413793103448,3.0233333333333334,2099.6,0.0,73.29333333333334,61.5,29.0,,3727.2744,1820.9234,0.0
2001-10,0.26,83.61290322580645,2.7129032258064516,2025.1,0.0,68.48387096774194,66.5,40.0,,9023.4921,1443.2644,0.2608619661948978
2001-11,2.62,77.03333333333333,2.896666666666667,2083.5,0.0,62.61666666666667,67.0,26.5,,14494.985,482.6125,0.0
2001-12,1.46,66.54838709677419,3.2419354838709675,2414.2,0.0,55.05483870967742,44.0,11.0,,26994.1828,456.3125,0.1304309830974489
2002-01,1.37,63.645161290322584,3.270967741935484,2437.9,0.0,53.90967741935484,56.0,34.0,,58022.1987,1553.2025,0.1282891740614684
2002-02,0.3,57.142857142857146,3.875,2605.5,1.0,54.732142857142854,62.0,31.0,,19996.0776,584.1617,0.0
2002-03,0.24,63.45161290322581,3.52258064516129,2621.8,0.0,58.12580645161291,44.0,18.5,,22266.3668,672.7887,0.1282891740614684
2002-04,0.03,77.6,3.3633333333333337,2421.6,0.0,63.080000000000005,59.5,29.0,,18579.7788,3530.8677,0.2565783481229369
2002-05,0.09,77.45161290322581,3.3096774193548386,2464.1,0.0,66.6516129032258,61.5,27.0,,8460.1074,2313.7314,0.0
2002-06,0.0,80.56666666666666,3.1300000000000003,2243.3,0.0,70.95,64.5,35.0,,2910.3667,1243.3125,0.2565783481229369
2002-07,0.0,81.29032258064517,3.061290322580646,2277.5,0.0,74.15483870967742,64.0,34.0,,1623.2033,1425.8425,0.1282891740614684
2002-08,0.0,81.38709677419355,2.9967741935483874,2225.3,0.0,73.08709677419354,72.5,36.0,,2845.3,828.085,0.1282891740614684
2002-09,0.06,77.33333333333333,2.786666666666666,2009.6,0.0,71.68,62.0,38.5,,6881.1854,2113.6408,0.1282891740614684
2002-10,0.0,80.25806451612904,2.6516129032258067,1975.7,0.0,66.50967741935484,73.0,36.5,,10744.1123,4296.1586,0.0
2002-11,0.65,57.766666666666666,3.3266666666666667,2397.0,0.0,60.93666666666666,56.0,16.5,,13913.2219,1739.8744,0.0
2002-12,2.37,74.96774193548387,2.935483870967742,2179.0,0.0,56.07096774193548,58.0,16.0,,26226.1202,643.3734,0.1282891740614684
2003-01,0.0,58.96774193548387,3.5548387096774197,2650.5,0.0,56.90967741935484,49.5,22.0,,19226.3036,945.43,0.1268922811425381
2003-02,2.26,64.03571428571429,3.585714285714286,2405.7,0.0,56.332142857142856,37.0,14.0,,13713.8457,906.8563,0.0
2003-03,0.55,68.54838709677419,3.429032258064516,2552.4,0.0,59.83548387096774,47.5,17.0,,18785.1094,2597.332,0.1268922811425381
2003-04,1.2,71.56666666666666,3.64,2620.4,0.0,61.75333333333333,38.5,19.0,,12936.3481,2864.85,0.0
2003-05,1.46,79.29032258064517,3.2096774193548385,2393.2,0.0,66.1258064516129,67.0,28.5,,8823.0289,1375.3861,0.1268922811425381
2003-06,0.08,82.9,2.966666666666667,2149.2,0.0,69.44666666666667,66.0,29.0,,9611.1627,1076.9592,0.6344614057126905
2003-07,0.02,80.35483870967742,2.9129032258064513,2167.1,0.0,74.29354838709678,68.0,36.0,,3852.5634,1130.495,0.2537845622850762
2003-08,0.0,75.16129032258064,2.832258064516129,2108.2,0.0,73.3225806451613,56.0,35.0,,7546.6808,1243.6903,0.5075691245701525
2003-09,0.0,83.76666666666667,2.6966666666666668,1947.9,0.0,72.05666666666666,67.5,45.0,,11472.5823,3293.7444,0.3806768434276143
2003-10,0.11,78.45161290322581,2.570967741935484,1910.7,0.0,68.15483870967742,78.0,33.0,,19015.1433,3122.6565,0.5075691245701525
2003-11,0.4,67.5,3.1,2236.9,0.0,59.36666666666667,58.5,29.0,,19456.6459,2583.6986,0.8882459679977667
2003-12,1.46,64.09677419354838,3.1516129032258067,2347.7,0.0,53.83870967741935,63.0,27.5,,24114.183,958.4288,1.9033842171380713
2004-01,0.7,64.83870967741936,3.1806451612903226,2367.6,0.0,53.3,57.0,20.0,,25420.5799,3126.3562,3.9043116194832703
2004-02,3.65,63.51724137931034,3.655172413793104,2550.6,0.0,53.99655172413794,53.0,19.0,,15779.6181,3392.1462,1.76323750557309
2004-03,0.44,72.48387096774194,3.270967741935484,2436.9,0.0,62.54838709677419,61.0,28.0,,18042.3717,3798.417,1.133509825011272
2004-04,0.02,73.83333333333333,3.3133333333333335,2386.5,0.0,65.74333333333333,61.5,43.0,,11842.2795,2821.3949,1.133509825011272
2004-05,0.0,72.64516129032258,2.725806451612903,2025.8,0.0,69.23225806451612,54.0,34.5,,7812.0945,2408.1092,0.5037821444494542
2004-06,0.01,81.26666666666667,3.3433333333333333,2405.6,0.0,71.81333333333333,62.0,29.0,,5660.1178,2751.6528,0.7556732166741814
2004-07,0.0,78.48387096774194,3.148387096774193,2343.7,0.0,74.7,58.0,36.0,,8246.6949,1686.3402,0.1259455361123635
2004-08,0.0,82.09677419354838,3.0161290322580645,2242.2,0.0,74.29032258064517,64.0,36.5,,12825.7333,3700.0657,0.1259455361123635
2004-09,0.0,71.0,3.0866666666666664,2224.8,0.0,73.27666666666667,62.0,31.0,,8840.9043,2259.7682,0.3778366083370907
2004-10,4.38,84.35483870967742,2.8806451612903223,2138.3,0.0,66.28709677419356,56.0,30.0,,18556.6924,3134.8168,0.2518910722247271
2004-11,0.1,65.8,3.3133333333333335,2382.7,0.0,59.27333333333333,56.0,20.0,,14871.1502,1530.1321,0.0
2004-12,5.6000000000000005,57.74193548387097,3.767741935483871,2801.7,0.0,54.832258064516125,38.5,15.5,,13352.3535,1161.8856,0.3778366083370907
2005-01,9.83,72.38709677419355,3.267741935483871,2435.7,0.0,55.2,46.0,13.0,,24456.9865,2873.3546,0.3777400317553453
2005-02,9.01,73.14285714285714,3.2964285714285713,2217.9,0.0,57.44642857142857,42.0,14.5,,26409.6973,8129.8367,0.3777400317553453
2005-03,2.5900000000000003,76.2258064516129,3.3451612903225807,2492.8,0.0,61.55483870967742,36.0,19.5,,21089.5356,9976.8307,0.1259133439184484
2005-04,0.89,68.6,3.52,2535.5,0.0,63.29,46.0,19.0,,10755.8535,10127.3012,0.3777400317553453
2005-05,0.19,77.3225806451613,3.329032258064516,2473.8,0.0,68.96774193548387,60.0,31.0,,9591.6826,8962.2324,0.1259133439184484
2005-06,0.0,80.66666666666667,3.19,2293.9,0.0,69.61666666666666,56.0,27.0,,4784.7179,6042.7328,0.1259133439184484
2005-07,0.0,83.48387096774194,2.870967741935484,2134.3,0.0,74.10645161290323,64.0,41.0,,6878.9757,7233.8299,0.1259133439184484
2005-08,0.0,83.09677419354838,2.8548387096774195,2123.8,0.0,74.29354838709678,66.0,30.0,,8307.101,9284.4171,0.2518266878368969
2005-09,0.01,78.6896551724138,3.143333333333333,2264.4,0.0,69.64666666666668,59.0,35.5,,17101.3868,15780.0435,0.1259133439184484
2005-10,1.76,72.0,2.925806451612903,2180.4,0.0,65.52580645161291,58.0,27.0,,21624.3542,12463.7522,0.5036533756737938
2005-11,0.61,60.93333333333333,2.8400000000000003,2053.0,0.0,60.93,47.0,24.0,,608.8904,1465.8549,0.2518266878368969
2005-12,0.96,65.29032258064517,2.764516129032258,2055.4,0.0,56.65161290322581,52.0,22.5,,58.0893,23.5939,0.5036533756737938
2006-01,1.42,59.645161290322584,3.487096774193548,2601.4,0.0,54.858064516129026,43.0,21.0,,19567.7864,4093.071,0.2505691050799127
2006-02,3.02,58.17857142857143,3.292857142857143,2212.4,0.0,56.82857142857143,47.5,22.0,,17814.8488,5906.6697,0.5011382101598255
2006-03,3.62,74.70967741935483,3.274193548387097,2434.5,0.0,57.5516129032258,40.0,16.0,,20076.8088,10600.8875,0.2505691050799127
2006-04,3.17,75.56666666666666,3.0133333333333336,2171.6,0.0,63.36,39.0,11.0,,17313.369,11524.0137,0.3758536576198691
2006-05,1.32,80.3225806451613,2.435483870967742,1802.7,0.0,67.85483870967742,73.0,22.0,,17672.1513,11520.4027,0.1252845525399563
2006-06,0.0,76.2,2.92,2105.6,0.0,72.75333333333333,62.0,32.5,,4313.8687,8009.3729,0.1252845525399563
2006-07,0.0,74.12903225806451,3.267741935483871,2430.3,0.0,76.66129032258064,61.0,35.0,,5605.629,9946.5176,0.2505691050799127
2006-08,0.03,77.96774193548387,3.1451612903225805,2337.3,0.0,74.20967741935483,61.5,29.0,0.0,7109.4428,22950.9132,0.3758536576198691
2006-09,0.0,74.86666666666666,3.066666666666667,2208.5,0.0,71.58333333333333,71.0,32.0,0.0,19305.3755,46234.7895,0.1252845525399563
2006-10,0.37,68.3225806451613,3.3129032258064517,2468.4,0.0,65.55806451612904,50.5,19.0,0.0,14580.5157,34186.8373,0.3758536576198691
2006-11,0.11,62.06666666666667,3.29,2374.3,0.0,61.07333333333334,43.0,27.0,0.0,14869.8145,31349.7371,0.0
2006-12,1.23,55.16129032258065,3.638709677419355,2715.3,0.0,54.13225806451613,53.0,19.0,0.0,19294.6376,13471.6779,0.8769918677796946
2007-01,2.74,50.03225806451613,4.093548387096774,3047.7,0.0,51.39677419354839,50.0,20.0,0.0,6520.3396,3219.041,1.6249451581009142
2007-02,1.04,68.10714285714286,3.542857142857143,2383.0,0.0,56.857142857142854,44.0,24.0,0.0,12434.8049,25096.7918,0.374987344177134
2007-03,0.06,63.70967741935484,3.532258064516129,2630.5,0.0,60.45161290322581,55.0,23.5,0.0,9070.2892,8651.4743,0.4999831255695121
2007-04,0.72,74.93333333333334,3.3866666666666663,2437.3,0.0,62.70666666666667,53.5,33.0,0.0,10405.2663,12666.6628,0.874970469746646
2007-05,0.0,74.29032258064517,3.551612903225806,2636.7,0.0,66.76451612903226,66.5,25.5,0.0,13012.4341,14942.7489,0.249991562784756
2007-06,0.0,77.3,3.306666666666666,2375.0,0.0,70.81666666666666,67.0,32.0,0.0,6223.0039,15219.2589,0.374987344177134
2007-07,0.0,76.03225806451613,3.238709677419355,2410.5,0.0,75.24516129032257,59.0,26.0,0.0,10590.0928,12831.9815,0.124995781392378
2007-08,0.0,74.45161290322581,2.8483870967741933,2119.4,0.0,74.50967741935484,60.0,34.0,0.0,13847.2561,23288.15,0.6249789069618901
2007-09,0.14,72.6,2.8266666666666667,2031.3,0.0,71.02333333333333,55.5,25.0,0.0,14853.5032,26984.976,0.249991562784756
2007-10,0.29,61.87096774193548,3.806451612903226,2833.3,2.0,66.30000000000001,59.0,37.0,0.0,15235.9388,27858.1853,0.4999831255695121
2007-11,0.11,68.23333333333333,2.7666666666666666,1998.7,0.0,60.40333333333333,70.5,28.0,0.0,23350.8106,22438.4033,2.4999156278475603
2007-12,0.14,57.16129032258065,4.183870967741935,3111.1,0.0,53.61612903225806,53.5,18.0,0.0,28029.8071,15391.4587,1.124962032531402
2008-01,5.92,60.03225806451613,4.406451612903226,3279.3,0.0,53.093548387096774,29.5,10.0,0.0,29600.3442,12407.6309,1.1161364811689174
2008-02,2.67,66.17241379310344,3.682758620689655,2558.1,0.0,55.09310344827586,38.0,20.0,0.0,23646.503,15379.3489,1.1161364811689174
2008-03,0.01,58.25806451612903,3.829032258064516,2845.7,0.0,59.906451612903226,47.0,27.0,0.0,25702.858,24093.1925,0.1240151645743241
2008-04,0.08,61.5,3.81,2744.2,0.0,63.79666666666667,54.5,30.0,0.0,17301.6794,17869.4342,0.2480303291486483
2008-05,0.04,70.64516129032258,3.5032258064516126,2609.7,0.0,66.57741935483871,61.0,21.0,0.0,8933.8325,14439.7144,0.1240151645743241
2008-06,0.0,72.13333333333334,3.433333333333333,2474.5,0.0,71.62666666666668,67.0,44.0,0.0,8121.0008,17348.0748,0.1240151645743241
2008-07,0.0,77.38709677419355,3.4064516129032256,2538.6,0.0,75.20967741935483,64.0,42.0,0.0,13700.0506,17445.44,0.2480303291486483
2008-08,0.0,79.25806451612904,3.306451612903226,2466.0,0.0,75.16451612903225,61.0,26.0,0.0,14146.3193,20554.1057,0.4960606582972966
2008-09,0.0,78.63333333333334,3.006666666666667,2163.1,0.0,72.48666666666666,58.0,30.0,0.0,11610.6681,29519.9478,0.2480303291486483
2008-10,0.04,56.064516129032256,3.5161290322580645,2614.2,0.0,65.29677419354839,61.0,30.0,0.0,18014.6605,34693.4022,0.2480303291486483
2008-11,1.5,58.766666666666666,3.5733333333333333,2572.3,0.0,61.35,47.5,24.0,0.0,14751.4673,19349.1716,0.9921213165945932
2008-12,0.66,63.193548387096776,3.287096774193548,2446.3,0.0,54.41935483870968,42.0,15.5,0.0,20007.9657,13792.6845,0.7440909874459448
2009-01,0.44,42.064516129032256,4.65483870967742,3460.0,0.0,55.91935483870968,24.0,17.0,0.0,20134.4705,15889.31,0.3680394538294505
2009-02,4.96,64.64285714285714,3.4285714285714284,2304.9,0.0,55.36785714285714,34.0,10.0,0.0,21897.5545,14446.415,0.736078907658901
2009-03,0.42,65.74193548387096,3.4419354838709677,2559.5,0.0,60.093548387096774,55.0,20.0,0.0,12221.0529,14271.3923,0.2453596358863003
2009-04,0.02,62.6,3.6366666666666663,2613.7,0.0,63.14,55.5,22.5,0.0,35945.0948,12482.8387,0.3680394538294505
2009-05,0.0,75.19354838709677,3.296774193548387,2448.2,0.0,69.3225806451613,61.0,32.0,0.0,10997.1186,24116.4647,0.6133990897157509
2009-06,0.07,75.26666666666667,3.443333333333334,2481.3,0.0,71.15666666666667,60.0,21.5,0.0,6926.7697,17475.778,0.1226798179431501
2009-07,0.0,73.2258064516129,3.43225806451613,2553.2,0.0,74.40967741935484,60.0,32.0,0.0,8025.4274,28903.3554,0.6133990897157509
2009-08,0.0,71.90322580645162,3.1322580645161286,2330.5,0.0,72.85806451612903,61.0,29.0,0.0,12754.5503,30633.9451,0.2453596358863003
2009-09,0.0,72.4,2.8833333333333333,2081.7,0.0,72.94333333333334,61.0,33.0,0.0,14286.8543,27857.937,0.736078907658901
2009-10,1.2100000000000002,61.225806451612904,2.7,2011.1,0.0,66.3967741935484,53.0,34.0,0.0,20682.1203,27995.3568,0.8587587256020512
2009-11,0.0,56.833333333333336,3.296666666666667,2376.3,0.0,59.580000000000005,52.0,20.0,0.0,13326.8854,11112.1401,0.8587587256020512
2009-12,3.3400000000000003,62.193548387096776,3.3483870967741933,2491.0,0.0,53.87419354838709,54.0,24.0,0.0,13504.8611,6559.2292,0.4907192717726007
2010-01,2.6100000000000003,59.935483870967744,2.4451612903225803,1814.0,0.0,54.28709677419355,46.0,15.0,0.0,36089.8602,17738.3951,0.4847468349061348
2010-02,3.24,70.57142857142857,2.9214285714285713,1952.8,0.0,56.63214285714286,28.0,10.0,0.0,36544.6269,17639.4183,0.7271202523592023
2010-03,0.3999999999999999,59.70967741935484,3.864516129032258,2878.3,0.0,60.406451612903226,46.0,18.5,0.0,28304.2319,22123.1263,0.3635601261796011
2010-04,1.13,67.96666666666667,4.016666666666667,2888.8,0.0,62.35333333333333,48.5,15.0,0.0,20950.2292,11842.1905,0.3635601261796011
2010-05,0.11,69.35483870967742,3.6903225806451614,2745.2,0.0,65.78387096774193,55.5,27.0,0.0,14615.9664,17224.6153,0.3635601261796011
2010-06,0.01,78.23333333333333,3.4566666666666666,2490.8,0.0,71.28999999999999,58.0,27.0,0.0,7311.9232,20150.3247,0.6059335436326685
2010-07,0.01,76.2258064516129,3.4451612903225803,2567.4,0.0,72.2741935483871,57.0,25.5,0.0,7770.4855,42348.0531,0.4847468349061348
2010-08,0.0,73.96774193548387,3.235483870967742,2405.5,0.0,71.80645161290323,54.0,31.0,0.0,11078.6566,23184.952,0.3635601261796011
2010-09,0.0,75.13333333333334,3.066666666666667,2213.6,0.0,70.16333333333334,54.5,27.0,0.0,14855.937,17655.3702,1.0906803785388035
2010-10,2.17,76.64285714285714,3.1193548387096777,2319.8,0.0,67.4483870967742,53.5,15.0,0.0,26870.9631,27463.5018,0.848306961085736
2010-11,0.83,53.827586206896555,3.8666666666666663,2784.2,0.0,59.77,34.0,13.0,0.0,22680.9787,31444.0741,1.5754272134449383
2010-12,8.17,72.16129032258064,3.0290322580645164,2260.0,0.0,56.18709677419355,46.0,11.0,0.0,23791.1361,7607.6921,0.4847468349061348
2011-01,0.78,47.354838709677416,4.435483870967742,3299.1,0.0,54.89032258064516,25.5,14.0,0.0,24800.583,20692.7225,0.481896939111117
2011-02,2.8200000000000003,60.285714285714285,4.182142857142857,2808.6,0.0,54.75,27.0,18.0,0.0,24572.035,16995.077,0.2409484695555585
2011-03,4.2700000000000005,71.70967741935483,3.5806451612903225,2664.2,0.0,59.483870967741936,36.0,15.0,0.0,32408.0034,20947.2421,0.963793878222234
2011-04,0.04,68.13333333333334,3.75,2699.1,0.0,64.45666666666666,51.0,15.5,0.0,19185.9757,20817.0678,0.1204742347777792
2011-05,0.01,69.35483870967742,3.967741935483871,2958.0,0.0,65.46451612903226,54.5,25.0,0.0,12527.7845,16531.2551,0.481896939111117
2011-06,0.01,79.16666666666667,3.6233333333333335,2607.6,0.0,68.20666666666666,55.5,20.5,0.0,11144.6635,29015.8993,0.481896939111117
2011-07,0.0,77.45161290322581,3.606451612903226,2682.3,0.0,73.37741935483871,55.5,28.0,0.0,7717.3363,35583.261,0.3614227043333377
2011-08,0.0,82.93548387096774,3.329032258064516,2476.7,0.0,72.71612903225805,55.0,31.0,0.0,10343.6613,32646.0527,0.2409484695555585
2011-09,0.01,84.03333333333333,3.11,2232.4,0.0,70.76666666666667,64.5,27.0,0.0,16624.2412,31071.2895,0.1204742347777792
2011-10,0.69,73.35483870967742,3.2,2386.5,0.0,66.80000000000001,54.5,22.0,0.0,14625.2993,35459.5332,0.3614227043333377
2011-11,2.16,65.86666666666666,3.7733333333333334,2715.0,0.0,58.17666666666666,43.0,16.5,0.0,17787.4891,39452.7484,0.2409484695555585
2011-12,0.48,54.29032258064516,3.948387096774194,2935.4,0.0,51.23870967741936,49.0,19.0,0.0,27123.1672,26890.5497,0.0
2012-01,1.82,54.54838709677419,4.106451612903226,3058.1,1.0,53.76451612903226,45.0,21.0,0.0,21784.5257,31055.3917,0.8397836717261633
2012-02,0.08,62.48275862068966,4.024137931034483,2797.2000000000003,0.0,55.43793103448276,43.0,18.0,0.0,36588.607,30300.2651,0.8397836717261633
2012-03,2.72,69.03225806451613,3.687096774193548,2744.9,0.0,57.332258064516125,44.0,14.0,0.0,35795.9055,50611.3984,1.6795673434523266
2012-04,0.47,71.23333333333333,3.77,2712.2000000000003,0.0,62.22,52.0,19.0,0.0,31972.6694,47948.8256,0.959752767687044
2012-05,0.0,78.06451612903226,3.56774193548387,2658.9,0.0,66.73225806451612,62.0,29.0,0.0,20995.392,31078.1997,0.8397836717261633
2012-06,0.0,79.53333333333333,3.5966666666666667,2586.2,0.0,69.48666666666666,59.5,25.0,0.0,11170.0803,28745.05,0.4798763838435219
2012-07,0.0,79.74193548387096,3.57741935483871,2666.9,0.0,71.8225806451613,60.0,27.0,0.0,5346.0216,20300.1242,0.3599072878826414
2012-08,0.0,76.03225806451613,3.196774193548387,2380.8,0.0,74.02903225806452,59.5,31.5,0.0,9701.0779,21481.8438,0.8397836717261633
2012-09,0.0,78.23333333333333,2.64,1892.2,0.0,71.81666666666666,60.0,31.5,0.0,15055.2354,32253.2444,1.0797218636479244
2012-10,0.11,68.7741935483871,3.2483870967741937,2415.8,0.0,67.3741935483871,51.0,27.0,0.0,14993.6048,27497.0866,0.2399381919217609
2012-11,1.13,73.33333333333333,2.606666666666667,1876.1,0.0,60.080000000000005,52.0,20.5,0.0,22935.9605,26169.2038,0.8397836717261633
2012-12,1.72,77.76666666666667,2.9064516129032256,2161.9,0.0,56.061290322580646,48.0,10.0,0.0,33338.953,21716.631,1.7995364394132072
2013-01,1.69,47.67741935483871,4.65483870967742,3465.6,0.0,51.37096774193548,33.0,14.0,0.0,30438.4575,23408.6965,0.4772665987357208
2013-02,0.22,62.142857142857146,3.871428571428571,2602.3,0.0,54.021428571428565,43.0,18.0,0.0,25220.3344,31666.6189,0.9545331974714416
2013-03,0.85,77.19354838709677,3.364516129032258,2497.6,0.0,59.66129032258065,55.0,22.0,0.0,33418.9829,43066.7715,0.1193166496839302
2013-04,0.01,73.8,3.68,2656.2,0.0,63.57333333333334,54.0,31.0,0.0,22194.7643,26461.4191,0.1193166496839302
2013-05,0.17,74.35483870967742,3.596774193548387,2680.0,0.0,67.64838709677419,58.0,33.0,0.0,16232.3209,17093.9438,0.2386332993678604
2013-06,0.0,79.36666666666666,3.43,2466.2,0.0,72.41000000000001,57.5,30.0,0.0,8254.3323,26412.9715,0.4772665987357208
2013-07,0.13,82.16129032258064,3.303225806451613,2455.2,0.0,73.49354838709678,60.0,28.0,0.0,8612.3808,34868.0995,0.4772665987357208
2013-08,0.0,80.2258064516129,3.2193548387096773,2397.1,0.0,71.90322580645162,54.0,29.0,0.0,9596.8905,32933.0789,0.3579499490517905
2013-09,0.0,73.4,3.1966666666666668,2300.2,0.0,70.66000000000001,54.5,29.5,0.0,17263.0813,23087.3786,0.0
2013-10,0.0,67.96774193548387,3.6258064516129034,2700.4,0.0,63.11290322580645,59.0,31.0,0.0,18885.618,26744.1518,0.3579499490517905
2013-11,0.39,62.3,3.4833333333333334,2519.2,0.0,59.41,48.5,23.0,0.0,22549.323,31283.3371,0.3579499490517905
2013-12,0.26,44.903225806451616,4.32258064516129,3221.3,0.0,53.274193548387096,45.0,18.0,0.0,30763.7701,23078.5264,0.7158998981035811
2014-01,0.0,50.70967741935484,3.787096774193549,2818.0,0.0,54.76129032258064,55.0,28.0,0.0,24282.4714,18872.5396,0.4747177209751652
2014-02,1.55,73.03571428571429,3.2821428571428575,2208.9,0.0,56.896428571428565,51.0,19.0,0.0,35989.5543,24507.818,0.7120765814627478
2014-03,0.5,70.35483870967742,3.770967741935483,2805.9,0.0,62.58709677419355,54.0,23.0,0.0,34525.1139,42435.5975,0.4747177209751652
2014-04,0.07,66.93333333333334,4.066666666666666,2928.3,0.0,64.52,51.0,23.5,0.0,24592.7603,17169.3402,0.5933971512189564
2014-05,0.0,64.0,4.083870967741936,3037.6,0.0,67.6774193548387,56.0,31.0,0.0,16675.2104,15677.0885,0.3560382907313739
2014-06,0.0,80.1,3.51,2531.3,0.0,71.03333333333333,64.0,32.0,0.0,17056.5434,21965.0678,0.5933971512189564
2014-07,0.0,71.84677419354838,3.2840725806451614,1456.4,0.0,75.688042269188,58.0,30.0,0.0,11965.5855,15992.7178,0.3560382907313739
2014-08,0.015,73.7741935483871,2.935483870967742,2183.3500000000004,0.0,75.25322580645161,57.0,28.0,0.0,15757.4782,28747.6574,0.0
2014-09,0.0,70.89444444444445,3.365,2421.0,0.0,74.51666666666667,60.0,31.0,0.0,19506.4659,26219.3539,0.3560382907313739
2014-10,0.27,66.5,3.2435483870967747,2412.55,0.0,69.83387096774194,55.0,31.0,0.0,22323.4767,40825.8544,0.5933971512189564
2014-11,0.7749999999999999,51.36666666666666,3.563333333333333,2563.45,0.0,62.88666666666667,37.0,18.0,0.0,28672.0229,27971.6175,0.2373588604875826
2014-12,3.73,66.96774193548387,3.7774193548387096,2813.25,0.0,58.26451612903226,51.0,14.0,0.0,40417.4042,23909.723,0.2373588604875826
2015-01,1.77,53.70967741935483,4.137096774193548,3074.15,0.0,57.170967741935485,37.0,15.0,0.0,37915.0112,26886.3715,0.1181741153781158
2015-02,0.79,67.875,3.4803571428571427,2340.25,0.0,61.31712962962963,52.0,17.0,0.0,37574.4898,29731.1227,0.1181741153781158
2015-03,1.305,59.06666666666666,3.5580645161290323,2647.15,0.0,64.00021505376344,44.0,24.0,0.0,28866.5421,41488.0199,0.2363482307562316
2015-04,0.885,59.37931034482759,3.0833333333333335,2218.85,0.0,64.35833333333333,55.0,27.5,0.0,27408.7129,36272.1817,0.5908705768905791
2015-05,1.275,75.16129032258064,3.8403225806451617,2851.6,0.0,65.95161290322581,58.0,21.0,0.0,23126.0158,35097.0392,0.2363482307562316
2015-06,1.425,75.81666666666666,3.568333333333334,2567.75,0.0,71.285,59.5,25.5,0.0,15948.5757,40445.0693,0.1181741153781158
2015-07,1.94,76.7741935483871,3.65,2717.35,0.0,74.16129032258064,55.0,26.0,0.0,11681.251,46498.1535,0.4726964615124632
2015-08,1.475,72.85928809788655,3.4548387096774196,2575.4,0.0,75.38870967741936,62.0,33.0,0.0,16890.5807,43668.2438,0.1181741153781158
2015-09,1.7900000000000005,67.90476190476191,3.325,2392.3,0.0,75.96000000000001,58.0,31.0,0.0,18772.2939,60413.6027,0.1181741153781158
2015-10,1.2,62.43387096774194,3.5,2602.5,0.0,72.27741935483871,52.0,28.0,0.0,23614.5877,39184.5732,1.0635670384030425
2015-11,0.8099999999999999,40.983333333333334,4.326666666666666,3115.55,0.0,60.71666666666667,39.5,18.5,0.0,26212.8988,46148.7027,1.299915269159274
2015-12,0.71,49.35483870967742,4.088709677419355,3038.3999999999996,0.0,54.251612903225805,50.0,13.0,0.0,30044.537,27778.7852,1.1817411537811582
2016-01,1.6800000000000002,65.12903225806451,3.7983870967741935,2825.0,0.0,54.498387096774195,49.0,13.0,0.0,33760.1869,31957.4717,0.2359475535777907
2016-02,1.145,43.40071428571429,4.755172413793104,3306.75,0.5,59.279310344827586,44.0,19.0,0.0,22770.0269,39879.074,0.2359475535777907
2016-03,2.655,69.51612903225806,3.85,2865.1499999999996,0.0,62.09193548387097,48.0,20.0,0.0,42416.2722,77712.3418,0.2359475535777907
2016-04,1.535,61.150000000000006,4.12,2969.05,0.0,64.89,54.0,25.0,0.0,37812.2352,64800.7681,0.1179737767888953
2016-05,1.215,77.37096774193549,3.8483870967741938,2862.55,0.0,66.07580645161289,55.0,22.0,0.0,24200.1471,52347.7322,0.0
2016-06,1.025,74.68690476190477,3.6533333333333338,2627.75,0.0,70.84666666666666,64.0,32.0,0.0,21919.8718,61815.6924,0.1179737767888953
2016-07,1.33,71.7258064516129,3.714516129032258,2766.95,0.0,74.05322580645162,60.0,33.0,0.0,18035.0184,66883.2214,0.3539213303666861
2016-08,1.35,75.2258064516129,3.4854838709677423,2593.7,0.0,73.82096774193548,59.0,32.0,0.0,25345.837,52115.717,1.0617639911000585
2016-09,1.18,66.99753694581281,3.525,2538.8999999999996,0.0,71.56833333333333,59.5,32.5,0.0,20356.6529,55120.3376,0.8258164375222675
2016-10,1.175,64.78333333333333,3.4419354838709677,2480.2,0.0,67.12258064516129,47.0,24.0,0.0,24159.6,52419.1515,1.651632875044535
2016-11,0.94,50.66666666666667,3.7216666666666662,2680.45,0.0,61.73130952380953,45.0,22.0,0.0,30630.8447,40258.9435,1.0617639911000585
2016-12,3.325,59.52741935483871,4.4967741935483865,3340.6499999999996,0.5,55.519354838709674,47.0,13.0,0.0,35618.3955,32810.4075,1.7696066518334306
2017-01,6.19,68.09677419354838,4.124193548387097,3066.3,0.5,54.26774193548387,37.0,11.0,0.0,31614.9756,45683.4662,1.4132511135241066
2017-02,2.31,79.369708994709,3.1375,2108.2,0.0,57.75178571428572,34.5,13.0,0.0,37135.3783,58701.1299,0.2355418522540177
2017-03,0.42,61.03225806451613,3.7225806451612904,2774.15,0.0,62.12741935483871,43.0,19.0,0.0,50114.7458,73242.1664,0.942167409016071
2017-04,0.135,62.970689655172414,3.845,2767.1000000000004,0.0,64.40833333333333,51.5,27.0,0.0,29869.8933,49339.6997,0.3533127783810266
2017-05,0.285,72.53225806451613,3.570967741935484,2660.15,0.0,65.97258064516129,52.0,25.0,0.0,21006.2175,38570.8287,0.2355418522540177
2017-06,1.285,69.76176470588236,3.635,2611.75,0.0,70.16166666666668,58.0,28.0,0.0,20214.1316,70693.2935,1.05993833514308
2017-07,1.255,68.44444444444446,3.491935483870968,2596.55,0.0,74.12903225806451,61.0,32.0,0.0,18293.1323,50658.2685,0.8243964828890622
2017-08,1.195,64.59821428571428,3.3596774193548384,2503.6499999999996,0.0,74.04193548387096,61.0,31.0,0.0,19358.1112,44989.4098,1.4132511135241066
2017-09,1.025,43.96296296296296,3.5933333333333333,2585.2,0.0,72.04666666666665,55.0,30.0,0.0,33593.3254,60917.0322,3.062044079302231
2017-10,1.055,50.82399425287356,4.004838709677419,2975.1499999999996,0.5,66.65967741935484,57.0,40.0,0.0,26672.4545,52384.0266,6.948484641493524
2017-11,0.42,62.82183908045977,3.21,2309.75,0.0,62.88333333333334,48.0,23.5,0.0,21013.0673,44803.2777,6.477400936985488
2017-12,0.245,36.66129032258064,4.79516129032258,3563.15,0.0,56.25806451612903,87.0,41.0,0.0,17662.3346,32633.3176,7.30179741987455
2018-01,1.3250000000000002,55.171505376344086,3.9483870967741934,2938.6,0.5,57.57360215053764,52.0,20.0,0.0,25989.2279,21788.1401,4.12648745135166
2018-02,0.79,50.82142857142857,4.010714285714285,2691.9,0.0,56.82678571428571,53.0,19.5,0.0,28602.1925,24017.2993,1.8863942634750448
2018-03,5.0200000000000005,69.59677419354838,3.612903225806451,2686.8,0.0,58.7,49.0,10.0,0.0,31637.8629,55940.0453,2.1221935464094255
2018-04,1.1800000000000002,67.53448275862068,4.041666666666667,2906.45,0.0,63.65166666666666,58.0,30.0,0.0,31610.7926,31513.7545,1.532695339073474
2018-05,0.0,75.95860215053764,3.587096774193548,2666.1499999999996,0.0,65.30591397849462,55.0,22.0,0.0,21721.8238,20100.6682,0.7073978488031417
2018-06,0.0,74.68333333333334,3.418333333333333,2462.15,0.0,70.25333333333333,59.0,31.0,0.0,12059.9004,25163.617,0.8252974902703322
2018-07,0.0,72.71455938697318,3.3209677419354837,2470.3500000000004,0.0,75.38225806451612,58.0,33.0,0.0,10342.6296,18120.7794,0.7073978488031417
2018-08,0.04,73.46486175115209,3.040322580645161,2257.1000000000004,0.0,75.95967741935485,65.0,33.0,0.0,15888.9787,21800.3052,2.1221935464094255
2018-09,0.075,76.4,3.065,2208.75,0.0,72.12666666666667,62.5,31.0,0.0,19640.5174,45511.1348,2.711691753745377
2018-10,0.0,63.46774193548387,3.2806451612903227,2440.45,0.0,67.26935483870967,54.0,24.0,0.0,25137.5234,40089.6602,2.5937921122781864
2018-11,0.885,51.733333333333334,3.826666666666666,2756.3,0.0,60.30166666666667,52.0,31.5,0.0,21518.546,30113.8583,4.362286734286041
2018-12,1.81,58.322580645161295,4.046774193548387,3015.1,0.0,55.55967741935484,38.0,12.0,0.0,23838.6253,24994.671,3.654888885482899
2019-01,5.21,61.83870967741936,4.298387096774193,3194.15,0.0,54.79677419354839,40.0,11.0,0.0,26705.839,19254.8056,2.9576103454843796
2019-02,5.285,72.44642857142858,3.8517857142857146,2588.3999999999996,0.0,53.05251322751323,28.0,8.0,0.0,24709.1462,29551.3859,2.9576103454843796
2019-03,3.26,60.10541474654378,4.174193548387096,3103.5,0.0,58.70322580645161,26.0,15.0,0.0,29506.365,43992.3109,3.19421917312313
2019-04,1.635,71.31785714285715,3.618333333333333,2608.8,0.0,63.358333333333334,46.0,22.5,0.0,33278.1713,33021.6966,2.484392690206879
2019-05,1.92,69.67617866004963,3.864516129032258,2876.2,0.0,65.21290322580646,40.0,19.0,0.0,24307.159,38047.1745,2.602697104026254
2019-06,0.01,81.65,3.591666666666667,2590.0,0.0,70.01666666666667,53.0,19.5,0.0,17369.6911,37523.6684,2.484392690206879
2019-07,0.075,76.06451612903226,3.5387096774193547,2628.6,0.0,74.4274193548387,58.0,30.0,0.0,17056.3467,26747.4249,3.19421917312313
2019-08,0.095,75.8225806451613,3.443548387096774,2564.7,0.0,73.63225806451612,53.0,28.0,0.0,13527.3755,29600.24,4.140654483678132
2019-09,0.08,71.71666666666667,3.4366666666666665,2480.05,0.0,71.71333333333334,52.5,29.5,0.0,18133.8309,42787.4573,2.7210015178456293
2019-10,0.06,47.62096774193549,4.498387096774193,3347.8500000000004,1.0,63.6041816009558,48.0,34.0,0.0,17374.7147,27850.964,6.506742760065636
2019-11,2.955,60.21666666666667,3.575,2574.55,0.0,58.54333333333334,53.0,27.0,0.0,29078.5855,27039.1359,6.38843834624626
2019-12,4.205,63.64516129032258,3.916129032258064,2911.9,0.5,54.45483870967742,33.0,12.0,0.0,24155.8353,15737.6218,4.6138721389556325
2020-01,0.92,60.177419354838705,3.5999999999999996,2677.35,0.0,53.93709677419355,24.0,14.0,0.0,22068.9126,16871.9094,4.029137776366262
2020-02,0.515,55.310344827586206,4.13103448275862,2872.05,0.0,55.11379310344827,37.0,20.0,0.0,26006.3365,18317.2412,2.4885850971673977
2020-03,3.26,74.2258064516129,3.5483870967741935,2638.9,0.0,57.869354838709675,19.0,7.0,0.0,31123.2009,32975.4729,3.199609410643797
2020-04,2.01,74.63793103448276,3.605,2594.1,0.0,63.148148148148145,36.0,19.0,0.0,28847.658,46052.0949,2.014568888183131
2020-05,0.94,72.87875417130144,3.764516129032258,2800.35,0.0,68.14032258064518,49.0,25.0,0.0,21770.8312,26103.0056,1.6590567314449316
2020-06,1.395,75.94586894586894,3.838333333333334,2765.25,0.0,70.58500000000001,42.0,21.5,0.0,14703.5394,20698.804,2.133072940429198
2020-07,0.905,74.45161290322581,3.4838709677419355,2591.75,0.0,73.7258064516129,51.0,22.0,0.0,10435.2571,17772.1934,2.4885850971673977
2020-08,0.0,75.4217032967033,3.2451612903225806,2417.15,0.0,74.68387096774194,55.0,26.0,0.0,11946.3455,34792.4389,3.199609410643797
2020-09,0.0,70.06551724137931,3.02,2173.2,0.0,71.065,64.5,39.5,0.0,21423.2379,43456.3569,2.014568888183131
2020-10,0.0,61.822580645161295,3.256451612903226,2425.05,0.0,68.29516129032258,62.0,33.0,0.0,27596.1044,40973.2428,1.8960648359370649
2020-11,0.31,55.5,3.62,2609.45,0.0,59.07833333333333,37.5,20.5,0.0,27261.2254,24077.5119,3.08110535839773
2020-12,1.1749999999999998,32.37916666666666,5.078673835125448,2211.65,0.5,54.48790322580645,31.0,20.0,0.0,18336.0312,24412.543,3.43661751513593
2021-01,1.215,51.47343453510436,5.033179723502304,3097.25,2.0,54.1,25.5,15.0,0.0,21283.142,12691.1564,3.807832950368468
2021-02,0.11,53.714285714285715,4.264285714285714,2865.6,0.0,55.76428571428571,33.0,18.5,0.0,23462.1133,11677.2479,2.6178851533783214
2021-03,0.5900000000000001,62.748387096774195,4.0112903225806456,2985.45,0.0,56.65,38.0,18.0,0.0,34451.9545,27095.126,2.736879933077336
2021-04,0.045,67.15,3.7816666666666663,2719.0,0.0,62.56333333333333,53.5,30.5,0.0,35136.336,21971.7929,1.784921695485219
2021-05,0.055,75.88494623655913,3.7774193548387096,2813.6499999999996,0.0,66.81612903225806,56.0,26.0,0.0,18952.7121,8623.9746,2.141906034582263
2021-06,0.075,73.98333333333332,3.68,2651.6000000000004,0.0,71.705,50.5,24.0,0.0,15965.0715,30735.2613,2.2609008142812774
2021-07,1.35,76.40322580645162,3.425806451612903,2546.95,0.0,74.56290322580645,54.0,25.0,0.0,12434.6014,15682.9009,0.951958237592117
2021-08,1.25,74.82258064516128,3.283870967741936,2439.5,0.0,73.19677419354838,55.0,28.0,0.0,11440.5957,21319.9165,1.4279373563881752
2021-09,1.19,76.3,3.085,2220.05,0.0,70.26666666666668,55.0,28.5,0.0,21581.2233,32127.0442,0.8329634578931022
2021-10,1.93,61.37096774193549,3.4225806451612906,2551.2,0.0,64.19193548387096,39.0,20.0,0.0,21851.6273,24802.5922,0.7139686781940876
2021-11,0.945,59.86666666666667,3.711666666666667,2674.95,1.0,60.873333333333335,34.5,21.0,0.0,24289.5715,24730.4878,0.8329634578931022
2021-12,5.925,76.11290322580645,2.6870967741935483,1994.0,0.0,53.648387096774194,37.0,10.0,0.0,23964.9894,13252.1377,2.2609008142812774
2022-01,0.23,44.516129032258064,2.9048387096774193,2162.8,0.0,53.83387096774194,27.0,15.0,11.0,19179.7528,7058.0019,1.8021914648212227
2022-02,0.11,37.214285714285715,4.276785714285714,2873.6499999999996,0.0,55.60357142857143,25.5,19.5,168.0,22174.1492,8334.432,2.4029219530949635
2022-03,1.045,58.64516129032258,3.982258064516129,2961.1000000000004,0.0,58.85483870967742,41.0,22.0,361.0,19229.4064,11435.0262,2.162629757785467
2022-04,0.36,68.67063492063492,3.963333333333334,2847.0,0.0,63.22333333333333,51.0,25.0,127.0,22013.1422,10452.5535,3.3640907343329487
2022-05,0.32,72.49610678531701,3.7532258064516126,2793.3500000000004,0.0,65.98709677419355,55.0,29.0,864.0,14953.4427,6741.8428,1.6820453671664743
2022-06,1.085,73.66666666666667,3.586666666666667,2583.6,0.0,70.90666666666667,56.0,28.5,4447.0,15827.5811,15165.4931,2.4029219530949635
2022-07,2.075,75.69354838709677,3.5032258064516126,2606.6000000000004,0.0,73.5,51.0,25.0,597.0,10249.5554,13212.655,2.162629757785467
2022-08,2.04,70.16129032258064,3.2870967741935484,2449.7,0.0,73.79354838709678,52.0,30.0,5757.0,12225.5636,11099.8585,2.282775855440215
2022-09,1.625,69.33128078817734,3.1083333333333334,2235.1000000000004,0.0,74.29833333333335,56.5,29.5,148.0,15948.9916,16723.7954,2.523068050749712
2022-10,1.195,71.11290322580645,2.9064516129032256,2169.65,0.0,68.64677419354838,55.0,28.0,141.0,26847.1339,25307.9354,2.042483660130719
2022-11,2.085,49.36666666666667,4.108333333333333,2961.75,1.0,57.81333333333333,25.5,18.0,18.0,28780.6936,12098.2558,3.3640907343329487
2022-12,3.5149999999999997,69.11290322580645,3.0919354838709676,2299.7,0.0,54.504838709677415,32.0,9.0,5.0,25556.6112,13385.1455,3.0036524413687045
2023-01,3.705,66.2741935483871,4.1725806451612915,3101.35,0.0,53.06935483870968,29.0,13.0,4.0,23639.3299,2001.5181,2.418964683115626
2023-02,2.155,56.10714285714286,4.228571428571429,2844.75,0.0,53.33392857142857,23.5,15.5,5.0,18731.9202,8035.3752,2.056119980648283
2023-03,3.455,76.2258064516129,3.482258064516129,2583.8999999999996,0.0,55.254838709677415,28.0,11.0,9.0,29898.1785,13003.4437,1.572327044025157
2023-04,0.23,74.08333333333333,3.2316666666666665,2327.4,0.0,59.9347619047619,46.0,19.5,106.0,27415.0873,14869.354,1.088534107402032
2023-05,0.665,65.23339658444023,3.1725806451612906,2359.05,0.0,63.67258064516129,38.0,16.0,690.0,20187.0462,13000.2553,2.9027576197387517
2023-06,0.325,79.75,3.043333333333333,2191.0,0.0,65.4703448275862,42.5,18.0,1613.0,19768.8766,21300.1656,3.144654088050314
2023-07,0.0,73.66129032258064,2.958064516129032,2201.25,0.0,71.93064516129033,55.0,28.0,12378.0,17929.3167,16043.7818,1.9351717464925011
2023-08,3.2,77.53225806451613,2.7887096774193547,2073.5,0.0,73.06774193548387,48.0,22.0,28292.0,31101.7421,17028.8144,2.177068214804064
2023-09,0.17,80.71666666666667,2.265,1633.25,0.0,70.20833333333334,53.0,24.5,312.0,38541.9624,19943.8257,3.144654088050314
2023-10,0.0,65.43548387096774,2.72741935483871,2026.7,0.0,66.24354838709678,47.0,24.0,365.0,28168.3684,21146.0893,4.475084663763909
2023-11,0.175,49.516666666666666,3.243333333333333,2337.95,1.0,59.861666666666665,36.5,20.0,639.0,21946.8971,17829.2941,6.047411707789066
2023-12,1.98,62.935483870967744,2.7435483870967743,2041.75,0.0,56.6241935483871,46.0,19.0,379.0,28288.7768,11903.6661,5.321722302854378
2024-01,0.55,68.66129032258064,2.6580645161290324,1981.4,0.0,54.80967741935484,38.0,12.0,3.0,,,4.345506384273129
2024-02,4.8100000000000005,78.86206896551724,3.063793103448276,2136.95,0.0,55.70689655172414,24.0,8.0,2.0,,,2.6555872348335794
2024-03,2.975,75.43548387096774,3.8838709677419354,2890.1000000000004,0.0,59.12903225806451,28.0,13.0,6.0,,,1.6899191494395505
2024-04,0.76,72.98333333333332,3.701666666666666,2664.1,0.0,61.98166666666667,37.0,18.0,739.0,,,2.052044681462311
2024-05,0.06,81.0,3.5758064516129027,2657.95,0.0,65.57741935483871,55.0,22.0,7713.0,,,2.534878724159326
2024-06,0.0,77.5,3.4416666666666664,2483.8500000000004,0.0,70.72166666666666,52.5,23.0,26957.0,,,1.6899191494395505
2024-07,0.0,74.48387096774194,3.3758064516129034,2513.15,0.0,74.49354838709678,48.0,24.0,24704.0,,,2.534878724159326
2024-08,1.85,71.90322580645162,3.314516129032258,2465.3500000000004,0.0,73.5241935483871,49.0,25.0,1459.0,,,2.6555872348335794
2024-09,1.355,74.87183908045978,3.211666666666667,2316.4,0.0,71.30666666666667,47.5,23.0,74536.0,,,2.6555872348335794
2024-10,0.81,70.7741935483871,3.0354838709677416,2259.25,0.0,67.39838709677419,47.0,26.0,424.0,,,3.621255320227608
2024-11,0.7250000000000001,53.56666666666666,3.706666666666667,2666.25,0.5,58.95666666666666,31.0,22.5,529.0,,,5.4318829803414115
2024-12,0.535,64.91559139784945,3.3645161290322583,2498.8,0.0,56.25645161290323,42.0,21.0,4213.0,,,4.949048937644397
