year_month,article_count,rate_per_100k,mean_title_sentiment,mean_title_risk,mean_body_risk,avg_sentiment,avg_risk,mean_body_sentiment,tweet_count,Precipitation,Avg Rel Hum (%),Avg Wind Speed (mph),Wind Run (miles),windeventcount,Avg Soil Temp (F),AQI_PM25,AQI_PM10,FIRE_Acres_Burned,fungicide_lbs_prd_used,rodent_lbs_prd_used,avg_likes,article_count_lag1,mean_title_risk_lag1,mean_body_risk_lag1,mean_title_sentiment_lag1,mean_body_sentiment_lag1,FIRE_Acres_Burned_lag1,tweet_count_lag1,avg_risk_lag1,avg_sentiment_lag1,avg_likes_lag1,log_rate,logdiff_rate
2011-02,1.0,0.7150166153500858,0.028871102258563,0.0,0.0150966183574879,-0.4655726974985252,0.0476190476190476,-0.2734556403011083,6,1.8251636904761903,65.17999850403125,3.888905960111317,20825.07380952381,2.2142857142857144,52.02493764172336,54.875,23.0,35.53,165915.7844,73931.5091,0.0,1.0,0.1428571428571428,0.0189393939393939,-0.4840318923816085,0.0047609061002731,62.42,0.0,0.0218019977786161,-0.185547397795992,7.516662220269161,0.5394227688217512,-0.24063360834018965
2011-03,1.0,0.8210572150842086,0.0211480110883712,0.0,0.0052631578947368,-0.0128726076334714,0.0,0.1981565803289413,5,2.769434523809524,71.87884344598054,3.954296594982079,23070.016666666663,2.0,56.382177914099145,54.25,19.875,3770.74,437934.4799,135220.3591,1.0,1.0,0.0,0.0150966183574879,0.028871102258563,-0.2734556403011083,35.53,6.0,0.0476190476190476,-0.4655726974985252,0.0,0.5994172198478267,0.05999445102607548
2011-04,0.0,0.8331761407681084,-0.1254130841795442,0.03678334284674929,0.020488750894470626,-0.185547397795992,0.0218019977786161,-0.16730804050438527,0,0.247782738095238,63.94491511684634,4.1656899154589375,23602.39642857143,3.2857142857142856,62.66267522901909,57.75,24.75,146.96,389099.5814,194892.8458,7.516662220269161,1.0,0.0,0.0052631578947368,0.0211480110883712,0.1981565803289413,3770.74,5.0,0.0,-0.0128726076334714,1.0,0.6060500584950981,0.006632838647271377
2011-05,0.0,0.8755923806617576,-0.1254130841795442,0.03678334284674929,0.020488750894470626,-0.185547397795992,0.0218019977786161,-0.16730804050438527,0,0.3950892857142857,60.899084189664,4.474293669080535,26401.388095238093,2.7142857142857144,66.10541220923854,59.1875,27.8125,3941.78,280276.5356,332708.7278,7.516662220269161,0.0,0.03678334284674929,0.020488750894470626,-0.1254130841795442,-0.16730804050438527,146.96,0.0,0.0218019977786161,-0.185547397795992,7.516662220269161,0.6289245458779313,0.022874487382833264
2011-06,0.0,0.9695140547119806,-0.1254130841795442,0.03678334284674929,0.020488750894470626,-0.185547397795992,0.0218019977786161,-0.16730804050438527,0,0.3882291666666666,64.78362952421142,4.141312397372742,23334.92976190476,1.2857142857142858,70.71184868137131,60.875,25.125,6524.92,307407.0823,632311.8517,7.516662220269161,0.0,0.03678334284674929,0.020488750894470626,-0.1254130841795442,-0.16730804050438527,3941.78,0.0,0.0218019977786161,-0.185547397795992,7.516662220269161,0.6777868395861388,0.048862293708207494
2011-07,0.0,1.2573385397046,-0.1254130841795442,0.03678334284674929,0.020488750894470626,-0.1702408357678602,0.072980222391987,-0.16730804050438527,15,0.114360119047619,62.211833259899166,3.949559033847132,23242.911904761902,0.2857142857142857,75.26367785093105,60.9375,29.9375,20093.99,176503.74730000002,724270.4484999999,0.5333333333333333,0.0,0.03678334284674929,0.020488750894470626,-0.1254130841795442,-0.16730804050438527,6524.92,0.0,0.0218019977786161,-0.185547397795992,7.516662220269161,0.8141864820256658,0.13639964243952696
2011-08,0.0,1.4785089334357706,-0.1254130841795442,0.03678334284674929,0.020488750894470626,-0.2515754725318402,0.0,-0.16730804050438527,4,0.0486160714285714,62.17156279713983,3.627561880323977,21366.79761904762,0.1428571428571428,74.71028429255209,61.75,32.125,5325.34,85381.9921,506605.27,0.0,0.0,0.03678334284674929,0.020488750894470626,-0.1254130841795442,-0.16730804050438527,20093.99,15.0,0.072980222391987,-0.1702408357678602,0.5333333333333333,0.9076571428439024,0.09347066081823663
2011-09,0.0,1.669382012957192,-0.1254130841795442,0.03678334284674929,0.020488750894470626,-0.1618834799155593,0.0,-0.16730804050438527,2,0.170610119047619,64.31087671879513,3.447763822949636,19745.27341269841,0.0,72.31674087173785,67.125,40.125,24530.69,73911.6949,216002.5257,0.0,0.0,0.03678334284674929,0.020488750894470626,-0.1254130841795442,-0.16730804050438527,5325.34,4.0,0.0,-0.2515754725318402,0.0,0.9818469898008493,0.07418984695694686
2011-10,0.0,1.769363149849365,-0.1254130841795442,0.03678334284674929,0.020488750894470626,-0.0163180753588676,0.2361111111111111,-0.16730804050438527,2,0.6298164682539682,65.75358643642849,3.32271952301499,19671.569444444445,0.4444444444444444,66.51943884960362,69.9375,33.875,2883.5199999999995,83128.3469,115792.8792,0.0,0.0,0.03678334284674929,0.020488750894470626,-0.1254130841795442,-0.16730804050438527,24530.69,2.0,0.0,-0.1618834799155593,0.0,1.0186173839642638,0.036770394163414544
2011-11,1.0,1.4845683962777205,-0.0096698254346847,0.0909090909090909,0.0377643504531722,-0.185547397795992,0.0218019977786161,-0.2967628687620163,0,1.3832242063492064,70.06796718208356,3.4977812557015144,20144.51388888889,1.4285714285714284,57.43589012041598,64.875,24.9375,229.96,61822.94989999999,66921.6698,7.516662220269161,0.0,0.03678334284674929,0.020488750894470626,-0.1254130841795442,-0.16730804050438527,2883.5199999999995,2.0,0.2361111111111111,-0.0163180753588676,0.0,0.910098960873396,-0.10851842309086779
2011-12,0.0,1.3724683337016477,-0.1254130841795442,0.03678334284674929,0.020488750894470626,-0.9106748620979488,0.0,-0.16730804050438527,1,0.2746378968253968,59.93872341163168,3.4760474670378905,20469.54246031746,2.5515873015873014,49.56125882953061,92.375,40.25,190.84,87416.3738,37033.9254,0.0,1.0,0.0909090909090909,0.0377643504531722,-0.0096698254346847,-0.2967628687620163,229.96,0.0,0.0218019977786161,-0.185547397795992,7.516662220269161,0.8639309041849036,-0.04616805668849244
2012-01,1.0,1.36024602616735,-0.3201564401388168,0.1538461538461538,0.0381679389312977,-0.185547397795992,0.0218019977786161,-0.1650360263884067,0,0.9737748015873016,59.75401982649967,3.5906442627712787,21196.86547619048,2.888888888888889,50.69008053438497,79.625,37.3125,263.61,331487.7297,48576.1475,7.516662220269161,0.0,0.03678334284674929,0.020488750894470626,-0.1254130841795442,-0.16730804050438527,190.84,1.0,0.0,-0.9106748620979488,0.0,0.8587658619800301,-0.00516504220487346
2012-02,1.0,1.369254277996273,0.03270576428622,0.0,0.0,-0.6252142591401935,0.0,0.0623860862106084,2,0.4777678571428571,61.321004378763,4.033117166119322,22256.710714285717,2.888888888888889,53.32387698412698,57.5,25.0,98.17,242855.5271,83594.0691,0.0,1.0,0.1538461538461538,0.0381679389312977,-0.3201564401388168,-0.1650360263884067,263.61,0.0,0.0218019977786161,-0.185547397795992,7.516662220269161,0.8625752549996586,0.0038093930196284598
2012-03,3.0,1.0809902194707417,-0.018103671415398533,0.0,0.0029959859605576664,-0.090156199982933,0.0026419082125603,-0.08523993116493023,47,1.7239880952380953,63.600012522540574,4.134254992319509,24601.394047619047,2.388888888888889,56.42006048387097,49.4375,21.25,253.73,397520.504,157332.2975,0.2978723404255319,1.0,0.0,0.0,0.03270576428622,0.0623860862106084,98.17,2.0,0.0,-0.6252142591401935,0.0,0.7328438474825006,-0.12973140751715795
2012-04,1.0,0.951871943256181,0.0243531027808785,0.0,0.0,-0.2456495605098704,0.0,-0.2451159637421369,6,1.5148313492063492,64.27795953704205,4.121592033844189,23673.604365079365,2.642857142857143,61.800075830140486,56.8125,23.0625,134.39,493075.3892,220701.2353,3.333333333333333,3.0,0.0,0.0029959859605576664,-0.018103671415398533,-0.08523993116493023,253.73,47.0,0.0026419082125603,-0.090156199982933,0.2978723404255319,0.6687888829988692,-0.06405496448363146
2012-05,1.0,0.8707976767958754,0.0163447577506303,0.0,0.0181451612903225,-0.4021714739501476,0.0,-0.2359389439225196,2,0.1237996031746031,60.52235236388462,4.177134963304318,24839.67420634921,3.142857142857143,68.37853307945042,63.375,34.125,7527.58,319984.2103,506015.0235,0.0,1.0,0.0,0.0,0.0243531027808785,-0.2451159637421369,134.39,6.0,0.0,-0.2456495605098704,3.333333333333333,0.6263649050449377,-0.04242397795393149
2012-06,2.0,0.8587866743573116,0.0244264635257423,0.0,0.016872450702761648,-0.5237878551706672,0.0454545454545454,0.17697052424773574,2,0.0591269841269841,59.48627987593505,4.254134542705971,23887.84880952381,3.412698412698413,71.7894216954023,60.75,32.4375,8569.789999999999,216420.9397,923616.6203,0.0,1.0,0.0,0.0181451612903225,0.0163447577506303,-0.2359389439225196,7527.58,2.0,0.0,-0.4021714739501476,0.0,0.6199239492538346,-0.006440955791103042
2012-07,1.0,0.834764669480184,-0.0675362199544906,0.0,0.0161290322580645,0.1939977176953107,0.0,-0.5788708813488483,2,0.0703124999999999,59.80675073849404,3.833488543266769,22818.66626984127,0.0,74.54977489483466,60.25,28.5,10415.67,145678.21910000002,710184.4842000001,0.0,2.0,0.0,0.016872450702761648,0.0244264635257423,0.17697052424773574,8569.789999999999,2.0,0.0454545454545454,-0.5237878551706672,0.0,0.6069162277674883,-0.013007721486346324
2012-08,3.0,0.9218444371597715,-0.02707092766650021,0.0,0.0045902361691835,-0.0574768284956614,0.0,0.06278461435188849,3,0.024265873015873,56.7055410479604,3.6501714243044887,21724.40873015873,0.1111111111111111,76.53441838055413,58.6875,38.3125,35271.44,87031.94219999999,436501.3785,0.0,1.0,0.0,0.0161290322580645,-0.0675362199544906,-0.5788708813488483,10415.67,2.0,0.0,0.1939977176953107,0.0,0.6532853692702438,0.046369141502755507
2012-09,3.0,0.8317619188705431,-0.4099542945623398,0.0,0.0244375988049137,-0.2377899147880574,0.0336134453781512,-0.2548462621246775,6,0.0093055555555555,56.99844703907203,3.359145315734989,19172.152380952382,0.3333333333333333,73.45980582873246,62.0625,40.375,4298.36,72068.9093,164872.127,0.5,3.0,0.0,0.0045902361691835,-0.02707092766650021,0.06278461435188849,35271.44,3.0,0.0,-0.0574768284956614,0.0,0.6052783008584092,-0.048007068411834664
2012-10,0.0,0.768704156068083,-0.1254130841795442,0.03678334284674929,0.020488750894470626,-0.5780351773525277,0.0,-0.16730804050438527,3,0.2710515873015873,61.07992115967472,3.5045298899129547,20853.30238095238,1.25,67.5938234005597,58.0,32.9375,155.67000000000002,64136.711800000005,109801.766,0.3333333333333333,3.0,0.0,0.0244375988049137,-0.4099542945623398,-0.2548462621246775,4298.36,6.0,0.0336134453781512,-0.2377899147880574,0.5,0.5702471632427462,-0.03503113761566301
2012-11,1.0,0.8467756719187478,-0.2091528251767158,0.0,0.024102079395085,-0.185547397795992,0.0218019977786161,-0.640654762275517,0,0.6665079365079365,68.37939586754243,3.2152281746031743,18397.457936507937,0.6666666666666666,59.60395833333333,67.125,27.25,487.12,53689.8298,70612.4191,7.516662220269161,0.0,0.03678334284674929,0.020488750894470626,-0.1254130841795442,-0.16730804050438527,155.67000000000002,3.0,0.0,-0.5780351773525277,0.3333333333333333,0.6134412384638375,0.04319407522109131
2012-12,0.0,0.7056463932656232,-0.1254130841795442,0.03678334284674929,0.020488750894470626,-0.185547397795992,0.0218019977786161,-0.16730804050438527,0,1.958169642857143,77.2059954264145,3.2666433508887427,19383.17341269841,1.1746031746031744,54.453863008577294,59.875,19.0,29.98,113335.6466,61336.253800000006,7.516662220269161,1.0,0.0,0.024102079395085,-0.2091528251767158,-0.640654762275517,487.12,0.0,0.0218019977786161,-0.185547397795992,7.516662220269161,0.5339441551738826,-0.07949708328995486
2013-01,0.0,0.7500766372945188,-0.1254130841795442,0.03678334284674929,0.020488750894470626,-0.185547397795992,0.0218019977786161,-0.16730804050438527,0,0.9982738095238096,60.96273361495136,3.664520929339478,21812.94761904762,2.055555555555556,48.30058219818022,70.125,30.625,132.5,348861.0844,62545.1372,7.516662220269161,0.0,0.03678334284674929,0.020488750894470626,-0.1254130841795442,-0.16730804050438527,29.98,0.0,0.0218019977786161,-0.185547397795992,7.516662220269161,0.5596595797162737,0.025715424542391063
2013-02,0.0,0.6399463373742919,-0.1254130841795442,0.03678334284674929,0.020488750894470626,-0.185547397795992,0.0218019977786161,-0.16730804050438527,0,0.4488938492063492,63.28963529856387,3.749830128810784,20138.992857142857,1.0,51.66386302437642,61.8125,28.875,863.9,155382.3365,87384.27720000001,7.516662220269161,0.0,0.03678334284674929,0.020488750894470626,-0.1254130841795442,-0.16730804050438527,132.5,0.0,0.0218019977786161,-0.185547397795992,7.516662220269161,0.4946635201875231,-0.0649960595287506
2013-03,0.0,0.6012519076725904,-0.1254130841795442,0.03678334284674929,0.020488750894470626,-0.3087554067373276,0.1291341991341991,-0.16730804050438527,10,0.7119940476190476,65.89787109133604,3.8091839477726577,22643.83095238095,1.7142857142857144,58.033869374661926,61.125,27.875,92.55,482111.0707,204666.5872,0.6,0.0,0.03678334284674929,0.020488750894470626,-0.1254130841795442,-0.16730804050438527,863.9,0.0,0.0218019977786161,-0.185547397795992,7.516662220269161,0.4707857655927127,-0.023877754594810396
2013-04,2.0,0.7381706589247645,0.02959284465759985,0.11538461538461535,0.0139732685297691,-0.0734284198842942,0.0317460317460317,-0.03258240967988965,7,0.0887003968253968,59.77958668979002,4.453751368363437,25623.979365079365,4.722222222222222,63.04051746943989,57.9375,32.8125,936.53,387427.1726,387753.2939,0.7142857142857143,0.0,0.03678334284674929,0.020488750894470626,-0.1254130841795442,-0.16730804050438527,92.55,10.0,0.1291341991341991,-0.3087554067373276,0.6,0.5528332147296111,0.08204744913689843
2013-05,5.0,1.023914139798867,-0.08754647970199578,0.05454545454545454,0.03430462467947978,-0.3155578095879819,0.06335113096207,-0.2531395837664604,45,0.3580654761904762,58.45154522405206,4.4761328725038405,26638.398015873016,2.9206349206349205,68.01013638912818,61.375,34.0625,16435.62,304520.9087,579252.2673,0.8444444444444444,2.0,0.11538461538461535,0.0139732685297691,0.02959284465759985,-0.03258240967988965,936.53,7.0,0.0317460317460317,-0.0734284198842942,0.7142857142857143,0.7050333294774304,0.15220011474781925
2013-06,3.0,0.7947240561810974,-0.18603189320613941,0.05555555555555553,0.029399488468214333,-0.1734209740534424,0.0519078742608154,-0.21388548829903206,9,0.044970238095238,59.79178983931139,4.138999270206167,23808.44484126984,1.8412698412698407,72.4176380862911,58.8125,30.375,3516.95,234638.4477,964999.205,1.1111111111111112,5.0,0.05454545454545454,0.03430462467947978,-0.08754647970199578,-0.2531395837664604,16435.62,45.0,0.06335113096207,-0.3155578095879819,0.8444444444444444,0.5848512809756847,-0.12018204850174563
2013-07,5.0,0.8215125075130444,-0.25042068418115376,0.025,0.014965320428735019,-0.4712439641589299,0.0217750257997936,-0.39326544255018236,16,0.0677728174603174,59.6306479718363,3.817273105478751,22720.515873015876,1.4444444444444444,76.0849838937505,59.625,30.3125,63715.630000000005,130122.7726,728954.9866000001,2.625,3.0,0.05555555555555553,0.029399488468214333,-0.18603189320613941,-0.21388548829903206,3516.95,9.0,0.0519078742608154,-0.1734209740534424,1.1111111111111112,0.5996672040435348,0.014815923067850068
2013-08,2.0,0.7917475615886587,-0.2009978033602238,0.0,0.0243746739518409,-0.3394716050585403,0.0835879806468041,-0.40191958379000425,17,0.024781746031746,59.47937567503288,3.674707181259601,21876.94404761905,0.4444444444444444,74.76147134749957,60.75,31.5625,42196.79,94068.0028,407917.5794,1.7647058823529411,5.0,0.025,0.014965320428735019,-0.25042068418115376,-0.39326544255018236,63715.630000000005,16.0,0.0217750257997936,-0.4712439641589299,2.625,0.5831914349804918,-0.016475769063043044
2013-09,3.0,0.6607817995213618,-0.13920556008815768,0.03333333333333333,0.03194657666269867,-0.1592198632424697,0.0286276223776223,-0.22100155738492802,16,0.0532738095238095,58.51536945403335,3.622680050821498,20595.053968253967,0.5873015873015872,72.6380348786407,59.125,37.25,635.54,72658.93950000001,208358.8708,0.4375,2.0,0.0,0.0243746739518409,-0.2009978033602238,-0.40191958379000425,42196.79,17.0,0.0835879806468041,-0.3394716050585403,1.7647058823529411,0.5072884550670053,-0.07590297991348649
2013-10,2.0,0.8125830237357287,-0.2391448831185698,0.0,0.0020387359836901,-0.5312854554504156,0.0,-0.26610922999680037,1,0.3395882936507937,58.13695692934604,3.514861685506847,20811.51507936508,1.3174603174603172,63.97540968903176,62.5,39.0625,896.4100000000001,60893.3104,121003.7531,0.0,3.0,0.03333333333333333,0.03194657666269867,-0.13920556008815768,-0.22100155738492802,635.54,16.0,0.0286276223776223,-0.1592198632424697,0.4375,0.5947529128966437,0.08746445782963841
2013-11,0.0,0.9078308506937629,-0.1254130841795442,0.03678334284674929,0.020488750894470626,-0.1861903061314175,0.0,-0.16730804050438527,6,0.6066517857142857,61.68314677978471,3.1766997354497355,18266.0373015873,1.4285714285714284,58.31988756613757,68.75,33.3125,237.05,60627.8539,102962.6382,1.0,2.0,0.0,0.0020387359836901,-0.2391448831185698,-0.26610922999680037,896.4100000000001,1.0,0.0,-0.5312854554504156,0.0,0.6459669164199892,0.051214003523345486
2013-12,1.0,0.7471001427020802,0.0559390867128968,0.0,0.0025510204081632,-0.2347491254331544,0.0138888888888888,0.3676061555743217,8,0.2424305555555555,53.76894201228879,3.425438428059396,20389.564285714285,1.7777777777777777,51.41590846429556,87.625,33.25,70.95,87717.6863,48095.1766,1.0,0.0,0.03678334284674929,0.020488750894470626,-0.1254130841795442,-0.16730804050438527,237.05,6.0,0.0,-0.1861903061314175,1.0,0.5579573521776587,-0.08800956424233042
2014-01,1.0,0.731450295165264,-0.1847732467576861,0.0,0.0172413793103448,-0.4502641668368596,0.0601190476190476,-0.6847274620085955,15,0.0556249999999999,52.85731886840758,3.1987055171530976,18921.143253968254,2.3611111111111107,52.03005440348182,98.5,50.0,331.27,343857.9174,50095.8886,3.6,1.0,0.0,0.0025510204081632,0.0559390867128968,0.3676061555743217,70.95,8.0,0.0138888888888888,-0.2347491254331544,1.0,0.548959378219757,-0.008997973957901695
2014-02,0.0,0.6134744411063504,-0.1254130841795442,0.03678334284674929,0.020488750894470626,-0.454950624002287,0.0961538461538461,-0.16730804050438527,13,1.5193948412698413,66.78317389455782,3.670037910997733,19213.79841269841,1.6547619047619049,55.492904265873015,62.5,27.0,108.54,252327.8998,144718.60940000002,1.0,1.0,0.0,0.0172413793103448,-0.1847732467576861,-0.6847274620085955,331.27,15.0,0.0601190476190476,-0.4502641668368596,3.6,0.47838989173139385,-0.0705694864883632
2014-03,1.0,0.43946005636945296,-0.4051966816186905,0.3,0.0272314674735249,-0.1734447373399654,0.0085470085470085,0.0251997411251068,13,0.7300892857142857,62.68725038402458,3.95549795186892,23510.56388888889,2.345238095238095,60.00849862391193,58.25,30.125,1459.27,487709.7732,242231.4373,1.2307692307692308,0.0,0.03678334284674929,0.020488750894470626,-0.1254130841795442,-0.16730804050438527,108.54,13.0,0.0961538461538461,-0.454950624002287,1.0,0.36426808241796393,-0.11412180931342991
2014-04,1.0,0.48665039799301835,-0.5701908953487873,0.0,0.0496453900709219,-0.2536745798840586,0.0843045112781955,-0.0107162110507488,14,0.3603422619047619,57.63455690309607,4.1685214120370375,23844.154365079365,2.015873015873016,62.46772071047131,58.6875,27.875,1028.73,357412.9785,366939.3564,5.714285714285714,1.0,0.3,0.0272314674735249,-0.4051966816186905,0.0251997411251068,1459.27,13.0,0.0085470085470085,-0.1734447373399654,1.2307692307692308,0.39652553424996384,0.032257451831999906
2014-05,2.0,0.5249925505621653,-0.09942584554664789,0.04166666666666665,0.0146443514644351,-0.3877981232479214,0.0210526315789473,0.123320029117167,10,0.0656597222222222,51.54772704590141,4.337379992319509,25799.974603174604,2.571428571428571,66.73054473886329,60.0,33.25,1080.27,304450.8445,520246.0087,0.9,1.0,0.0,0.0496453900709219,-0.5701908953487873,-0.0107162110507488,1028.73,14.0,0.0843045112781955,-0.2536745798840586,5.714285714285714,0.42198952517017524,0.0254639909202114
2014-06,0.0,0.46305522718123565,-0.1254130841795442,0.03678334284674929,0.020488750894470626,0.2047787285927269,0.0116959064327485,-0.16730804050438527,9,0.059563492063492,56.53940512933569,4.069361772486772,23444.240873015875,1.2857142857142856,71.41322792309862,64.5625,34.0,1036.12,231077.9018,1027166.8043,3.2222222222222223,2.0,0.04166666666666665,0.0146443514644351,-0.09942584554664789,0.123320029117167,1080.27,10.0,0.0210526315789473,-0.3877981232479214,0.9,0.38052687059497226,-0.041462654575202984
2014-07,2.0,0.5515371177254208,-0.30880655348300934,0.0625,0.0353309884559884,-0.0833975191926583,0.0257867132867132,-0.5356903551146388,15,0.0337053571428571,57.36725351801826,3.789432523681516,21565.78015873016,0.6666666666666666,76.37156857960092,58.9375,30.8125,3390.02,163327.7354,549438.9709,1.2666666666666666,0.0,0.03678334284674929,0.020488750894470626,-0.1254130841795442,-0.16730804050438527,1036.12,9.0,0.0116959064327485,0.2047787285927269,3.2222222222222223,0.4392461283877222,0.058719257792749946
2014-08,0.0,0.47780220893859987,-0.1254130841795442,0.03678334284674929,0.020488750894470626,-0.2290073487269894,0.0088794738823342,-0.16730804050438527,45,0.0345386904761904,57.48180521714309,3.691167434715822,21959.522222222226,0.2222222222222222,75.68903427137344,57.875,33.9375,1245.5300000000002,139129.726,338403.4666,1.8888888888888888,2.0,0.0625,0.0353309884559884,-0.30880655348300934,-0.5356903551146388,3390.02,15.0,0.0257867132867132,-0.0833975191926583,1.2666666666666666,0.39055599011929676,-0.04869013826842544
2014-09,1.0,0.5220431542106925,-0.2817047480493784,0.0,0.0155642023346303,-0.4244325663229184,0.0341836734693877,-0.2371693383902311,14,0.0294642857142857,58.72459869693039,3.4973478835978837,20145.33253968254,0.1111111111111111,75.29400180905695,59.9375,35.3125,167.59,72225.94,180038.3318,1.2857142857142858,0.0,0.03678334284674929,0.020488750894470626,-0.1254130841795442,-0.16730804050438527,1245.5300000000002,45.0,0.0088794738823342,-0.2290073487269894,1.8888888888888888,0.42005361265822927,0.02949762253893251
2014-10,0.0,0.5456383250224752,-0.1254130841795442,0.03678334284674929,0.020488750894470626,-0.4751155569517453,0.0104506802721088,-0.16730804050438527,28,0.2981200396825397,57.45421210957501,3.2235199052739376,19190.89047619048,0.365079365079365,69.44963048301759,60.375,36.875,119.64,62250.9946,144936.1548,2.25,1.0,0.0,0.0155642023346303,-0.2817047480493784,-0.2371693383902311,167.59,14.0,0.0341836734693877,-0.4244325663229184,1.2857142857142858,0.43543698037888917,0.015383367720659902
2014-11,0.0,0.530891343265111,-0.1254130841795442,0.03678334284674929,0.020488750894470626,-0.0865209603944094,0.0538194444444444,-0.16730804050438527,16,0.4410863095238095,61.239582614446746,3.2566435185185183,18753.320634920638,1.3333333333333333,60.75422784391535,62.6875,25.5625,240.17,70286.45,71412.435,2.1875,0.0,0.03678334284674929,0.020488750894470626,-0.1254130841795442,-0.16730804050438527,119.64,28.0,0.0104506802721088,-0.4751155569517453,2.25,0.4258501430695279,-0.009586837309361274
2014-12,0.0,0.5839804775916221,-0.1254130841795442,0.03678334284674929,0.020488750894470626,-0.1798519311616054,0.0096153846153846,-0.16730804050438527,13,2.788985119047619,74.81377458640112,3.519424128661476,20591.04976190476,2.2785714285714285,56.27134458260501,61.125,18.25,13.9,133828.1623,86498.36009999999,2.923076923076923,0.0,0.03678334284674929,0.020488750894470626,-0.1254130841795442,-0.16730804050438527,240.17,16.0,0.0538194444444444,-0.0865209603944094,2.1875,0.4599409685635199,0.034090825493992005
2015-01,2.0,0.5906309959462538,-0.42064894596114755,0.0,0.031071479719300403,-0.3058194059024875,0.0157407407407407,-0.5342482174746692,12,0.625264880952381,68.90925755248335,3.078730052056665,18061.082142857143,0.6,53.18027340416454,76.125,25.25,26.91,409325.0021,100441.5379,1.9166666666666667,0.0,0.03678334284674929,0.020488750894470626,-0.1254130841795442,-0.16730804050438527,13.9,13.0,0.0096153846153846,-0.1798519311616054,2.923076923076923,0.46413079030328275,0.0041898217397628446
2015-02,2.0,0.4912178580147062,-0.3043616395443678,0.0,0.003003003003003,-0.1103978406637907,0.0,-0.46068369410932064,5,0.655327380952381,70.19208181313836,3.396168154761905,17944.359047619047,1.2285714285714286,58.04664800642479,70.5,22.9375,21035.25,299301.65270000004,138501.4511,2.8,2.0,0.0,0.031071479719300403,-0.42064894596114755,-0.5342482174746692,26.91,12.0,0.0157407407407407,-0.3058194059024875,1.9166666666666667,0.3995931404774735,-0.06453764982580923
2015-03,1.0,0.5555440060880605,0.046890951693058,0.0,0.0023391812865497,-0.2803505804363845,0.0162594268476621,-0.3393997736275196,18,0.4810744047619047,58.123058914516186,3.624675499231951,21494.18880952381,0.7428571428571428,62.05718362282878,58.0,25.125,190.39,371977.1685,343885.4499,1.7222222222222223,2.0,0.0,0.003003003003003,-0.3043616395443678,-0.46068369410932064,21035.25,5.0,0.0,-0.1103978406637907,2.8,0.44182532759380094,0.042232187116327424
2015-04,0.0,0.6169462383398988,-0.1254130841795442,0.03678334284674929,0.020488750894470626,0.2428671102071265,0.0,-0.16730804050438527,20,0.3942083333333333,53.20477285166941,4.032104166666667,23196.86547619048,1.7142857142857144,65.13845593869732,57.6875,27.25,2985.1800000000003,390044.8805,357972.1472,2.2,1.0,0.0,0.0023391812865497,0.046890951693058,-0.3393997736275196,190.39,18.0,0.0162594268476621,-0.2803505804363845,1.7222222222222223,0.48053933226234835,0.03871400466854741
2015-05,0.0,0.4561308681565129,-0.1254130841795442,0.03678334284674929,0.020488750894470626,-0.1766604454722255,0.0055555555555555,-0.16730804050438527,20,0.6317738095238095,62.49585466803209,4.239783132787165,25177.056666666667,0.9,68.55884141918416,54.75,22.0,1303.61,447088.5713,591796.4375,2.2,0.0,0.03678334284674929,0.020488750894470626,-0.1254130841795442,-0.16730804050438527,2985.1800000000003,20.0,0.0,0.2428671102071265,2.2,0.3757828277109785,-0.10475650455136987
2015-06,1.0,0.5847831643032216,0.1767034111544489,0.0,0.0030360531309297,0.0382576655330402,0.0,0.0259519964456558,13,0.2512797619047618,58.10800482084965,3.9236339741835433,20859.111904761907,0.5,75.29974959087595,57.9375,27.625,3891.53,438036.7055,1125135.6834,1.6153846153846154,0.0,0.03678334284674929,0.020488750894470626,-0.1254130841795442,-0.16730804050438527,1303.61,20.0,0.0055555555555555,-0.1766604454722255,2.2,0.4604475931145945,0.084664765403616
2015-07,3.0,0.809924682559962,-0.2002328603217999,0.0185185185185185,0.016103506495236165,-0.1364694403018802,0.0130434782608695,-0.2840354262540738,18,0.7330684523809524,61.89050696945753,4.076453213005633,22476.528333333332,0.5,76.06797566669347,53.875,25.714285714285715,6042.24,264073.5516,635230.5862,1.1666666666666667,1.0,0.0,0.0030360531309297,0.1767034111544489,0.0259519964456558,3891.53,13.0,0.0,0.0382576655330402,1.6153846153846154,0.5932852325666127,0.1328376394520182
2015-08,0.0,0.7163593762714465,-0.1254130841795442,0.03678334284674929,0.020488750894470626,-0.1730782661930118,0.0369453044375645,-0.16730804050438527,18,0.267906746031746,58.60513297270713,3.726732910906298,22195.06349206349,0.4444444444444444,76.64704828581557,61.875,40.875,5095.509999999999,119432.4024,360888.8638,1.7777777777777777,3.0,0.0185185185185185,0.016103506495236165,-0.2002328603217999,-0.2840354262540738,6042.24,18.0,0.0130434782608695,-0.1364694403018802,1.1666666666666667,0.540205405870666,-0.053079826695946686
2015-09,2.0,0.9151856521345418,-0.25431610178202385,0.0,0.0102522161249472,-0.1595589295919875,0.0101604278074866,-0.2872199304401875,30,0.618358134920635,55.9957343550447,3.5033905765371283,20170.770634920635,0.3333333333333333,76.19873164292436,59.0625,37.5625,2643.48,76983.6718,181716.4689,1.5333333333333334,0.0,0.03678334284674929,0.020488750894470626,-0.1254130841795442,-0.16730804050438527,5095.509999999999,18.0,0.0369453044375645,-0.1730782661930118,1.7777777777777777,0.649814564217978,0.109609158347312
2015-10,1.0,1.1198597596406694,-0.0442262310534715,0.1875,0.048780487804878,-0.2049629114588479,0.0402204360004871,-0.625920576043427,23,0.6297867063492063,61.47225244944412,3.346251760112647,18940.515873015876,0.2539682539682539,71.15566575365096,59.125,31.0,977.79,68360.1527,149946.9858,3.0869565217391304,2.0,0.0,0.0102522161249472,-0.25431610178202385,-0.2872199304401875,2643.48,30.0,0.0101604278074866,-0.1595589295919875,1.5333333333333334,0.7513499353829479,0.10153537116496991
2015-11,2.0,0.9678161369218318,0.353169789770618,0.0,0.015609992018290251,-0.0748592522826844,0.0205498866213151,0.1193384039215743,28,0.8545833333333334,57.43803144115077,3.5742871396642943,20439.12380952381,2.543650793650793,58.19554139679499,61.0,20.5,61.92,59841.8614,94187.358,1.1071428571428572,1.0,0.1875,0.048780487804878,-0.0442262310534715,-0.625920576043427,977.79,23.0,0.0402204360004871,-0.2049629114588479,3.0869565217391304,0.6769243679046896,-0.07442556747825835
2015-12,0.0,0.8859464939193809,-0.1254130841795442,0.03678334284674929,0.020488750894470626,-0.2866863941308111,0.0053827751196172,-0.16730804050438527,27,1.1870535714285717,64.01950524833589,3.5438433576990307,21063.65357142857,2.1666666666666665,51.701547354203086,66.125,19.5,33.75,97815.7932,227153.5118,3.2222222222222223,2.0,0.0,0.015609992018290251,0.353169789770618,0.1193384039215743,61.92,28.0,0.0205498866213151,-0.0748592522826844,1.1071428571428572,0.6344298136706396,-0.04249455423405002
2016-01,1.0,0.8017329515845091,0.0717742070555687,0.0,0.0342465753424657,-0.1902707820991054,0.0143478260869565,0.0322766955941915,19,2.979875992063492,75.1420816633414,3.370534114183308,20047.130555555555,1.309523809523809,52.28367010041621,60.875,17.6875,260.0,327598.5984,164450.0226,1.4736842105263157,0.0,0.03678334284674929,0.020488750894470626,-0.1254130841795442,-0.16730804050438527,33.75,27.0,0.0053827751196172,-0.2866863941308111,3.2222222222222223,0.5887489526350129,-0.04568086103562663
2016-02,1.0,0.7552556790288854,-0.1516234446316957,0.0,0.0,-0.0038755583809688,0.0163223622782446,-0.2372027859091758,29,0.5339732142857143,58.309748404444285,3.708695949644225,20643.728968253967,2.7896825396825395,55.667374614697664,63.4375,23.0,40.44,302360.6121,268217.16610000003,1.862068965517241,1.0,0.0,0.0342465753424657,0.0717742070555687,0.0322766955941915,260.0,19.0,0.0143478260869565,-0.1902707820991054,1.4736842105263157,0.5626145323629912,-0.02613442027202173
2016-03,4.0,0.633252838570373,-0.10020585288293658,0.027777777777777776,0.023758189325063073,-0.181783098494634,0.0052178318135764,-0.34450858109630644,44,1.7454166666666666,67.90037335722819,3.941077828981055,23454.576984126983,1.6468253968253967,60.359134298880846,50.625,20.6875,169.62,488530.6425,361528.8139,2.363636363636364,1.0,0.0,0.0,-0.1516234446316957,-0.2372027859091758,40.44,29.0,0.0163223622782446,-0.0038755583809688,1.862068965517241,0.4905736327261136,-0.0720408996368776
2016-04,2.0,0.7436363608899793,-0.2780541582033038,0.0,0.0229739726552253,-0.2285871490451466,0.0064649309500568,-0.3490038057789206,40,0.7887103174603174,58.9233478911999,4.0601107804232806,23389.92619047619,2.2063492063492065,65.01675937328955,53.625,27.25,512.86,434702.7193,408664.9741,2.125,4.0,0.027777777777777776,0.023758189325063073,-0.10020585288293658,-0.34450858109630644,169.62,44.0,0.0052178318135764,-0.181783098494634,2.363636363636364,0.5559727950818316,0.06539916235571802
2016-05,2.0,0.560632100202211,-0.2763097053393721,0.0,0.009800559640074601,-0.1609451433178037,0.0024509803921568,-0.48295461712405086,23,0.5672867063492063,64.45977342549924,4.125192012288786,24184.41984126984,1.4444444444444444,68.92605412900272,48.875,23.8125,9041.04,414489.2234,601889.0052,1.608695652173913,2.0,0.0,0.0229739726552253,-0.2780541582033038,-0.3490038057789206,512.86,40.0,0.0064649309500568,-0.2285871490451466,2.125,0.44509093163047303,-0.11088186345135859
2016-06,1.0,0.8336860764665003,-0.4652716498821974,0.0,0.001865671641791,-0.1610991647175979,0.0085227272727272,-0.0119465105235576,13,0.2053621031746031,56.35111112097912,3.948469742063492,22397.09642857143,0.7777777777777778,74.58570736737677,61.6875,33.5625,11123.84,315310.3314,1342615.9249,1.0769230769230769,2.0,0.0,0.009800559640074601,-0.2763097053393721,-0.48295461712405086,9041.04,23.0,0.0024509803921568,-0.1609451433178037,1.608695652173913,0.6063281904081448,0.16123725877767175
2016-07,1.0,1.042833802966807,-0.3033387251198292,0.0,0.0042735042735042,-0.1995594109256013,0.0124692555682942,-0.6493000164628029,49,0.2356299603174603,55.00024736415714,3.825405382466217,22683.38095238095,0.4444444444444444,76.92656640001971,58.375,33.875,272184.83,184154.1611,735972.317,3.8979591836734695,1.0,0.0,0.001865671641791,-0.4652716498821974,-0.0119465105235576,11123.84,13.0,0.0085227272727272,-0.1610991647175979,1.0769230769230769,0.7143379630241377,0.10800977261599287
2016-08,2.0,1.6615624938635478,-0.026858540950342995,0.0,0.013321203171422,-0.188659430887284,0.0195021707247492,0.08464192412793636,70,0.2447569444444444,58.07154693404848,3.533765360983103,21033.221825396824,0.2222222222222222,76.59591984553678,63.0,37.8125,57164.12,102936.2347,405396.3213,1.9,1.0,0.0,0.0042735042735042,-0.3033387251198292,-0.6493000164628029,272184.83,49.0,0.0124692555682942,-0.1995594109256013,3.8979591836734695,0.9789133540476803,0.26457539102354266
2016-09,0.0,2.0043323789612724,-0.1254130841795442,0.03678334284674929,0.020488750894470626,-0.3048098170597074,0.0106910039113428,-0.16730804050438527,57,0.2369196428571428,55.09683432919783,3.4961871693121696,20118.11904761905,0.2222222222222222,72.25416341680351,60.375,40.3125,1604.65,80388.6528,155629.8792,3.263157894736842,2.0,0.0,0.013321203171422,-0.026858540950342995,0.08464192412793636,57164.12,70.0,0.0195021707247492,-0.188659430887284,1.9,1.100055373240942,0.12114201919326162
2016-10,1.0,2.6172514107885605,-0.3766856845468282,0.1818181818181818,0.0797101449275362,-0.0993781172350716,0.0132713945207541,-0.2381754964590072,67,0.6688988095238095,61.732567820228105,3.3238455794504183,18921.015476190478,1.2341269841269842,66.8743264966659,53.25,31.5,350.35,73996.7353,119127.137,1.4477611940298507,0.0,0.03678334284674929,0.020488750894470626,-0.1254130841795442,-0.16730804050438527,1604.65,57.0,0.0106910039113428,-0.3048098170597074,3.263157894736842,1.2857144586518583,0.18565908541091636
2016-11,1.0,2.0159516971001787,0.0278325472027063,0.0,0.0121951219512195,-0.1042072802152046,0.0338717573997835,-0.0304582342505455,51,0.9003779761904762,63.34513856629039,3.0728682590557588,17001.89761904762,0.9857142857142857,60.547805027830776,65.375,28.75,70.4,56843.0731,129089.5558,1.3529411764705883,1.0,0.1818181818181818,0.0797101449275362,-0.3766856845468282,-0.2381754964590072,350.35,67.0,0.0132713945207541,-0.0993781172350716,1.4477611940298507,1.1039154344671207,-0.1817990241847376
2016-12,0.0,1.4785582331757794,-0.1254130841795442,0.03678334284674929,0.020488750894470626,-0.0043344767895014,0.0080011847013621,-0.16730804050438527,89,2.4952728174603176,70.2200136706185,3.348000708968451,19572.680952380957,3.7777777777777777,53.33877516673888,67.625,21.625,35.21,126832.7852,106555.0446,1.5056179775280898,1.0,0.0,0.0121951219512195,0.0278325472027063,-0.0304582342505455,70.4,51.0,0.0338717573997835,-0.1042072802152046,1.3529411764705883,0.9076770335326316,-0.19623840093448908
2017-01,0.0,1.0348816096883882,-0.1254130841795442,0.03678334284674929,0.020488750894470626,0.0267839462030679,0.0026921523758244,-0.16730804050438527,35,4.986884920634921,75.42071325018141,3.545465821222252,20540.93650793651,3.1547619047619047,52.11341620546522,53.0,12.9375,11.36,270919.3861,87838.0706,1.0857142857142856,0.0,0.03678334284674929,0.020488750894470626,-0.1254130841795442,-0.16730804050438527,35.21,89.0,0.0080011847013621,-0.0043344767895014,1.5056179775280898,0.7104376401449045,-0.1972393933877271
2017-02,2.0,0.794950957162868,-0.33008197601884604,0.0,0.02027027027027025,-0.0757560419827519,0.0162135720815686,-0.26957858353853226,60,3.0908234126984127,77.38313560906319,3.558572900313972,18732.606349206348,2.1071428571428568,55.67217035435969,46.75,13.3125,29.34,350369.3628,192522.4835,1.2,0.0,0.03678334284674929,0.020488750894470626,-0.1254130841795442,-0.16730804050438527,11.36,35.0,0.0026921523758244,0.0267839462030679,1.0857142857142856,0.5849776996521551,-0.12545994049274944
2017-03,0.0,0.8383119184626607,-0.1254130841795442,0.03678334284674929,0.020488750894470626,-0.1132722718793957,0.0361405651307345,-0.16730804050438527,64,0.5101636904761905,64.66031746031746,3.74211917562724,21841.748412698413,2.126984126984127,59.693718958013314,51.625,22.5625,65.36999999999999,473055.9173,250604.3348,1.109375,2.0,0.0,0.02027027027027025,-0.33008197601884604,-0.26957858353853226,29.34,60.0,0.0162135720815686,-0.0757560419827519,1.2,0.608847714901143,0.023870015248987908
2017-04,3.0,0.7631529188763533,-0.0080128211217622,0.0,0.0014972266811872001,-0.0755450156284496,0.0101076626796991,-0.18901265164216363,78,0.3527480158730158,59.76691040640394,4.177569444444445,22998.880952380958,4.031746031746032,63.94454431216931,52.8125,26.5,7692.82,398177.043,408499.6344,1.6025641025641026,0.0,0.03678334284674929,0.020488750894470626,-0.1254130841795442,-0.16730804050438527,65.36999999999999,64.0,0.0361405651307345,-0.1132722718793957,1.109375,0.5671036375307686,-0.04174407737037433
2017-05,3.0,0.9019079950356903,0.0950725101865828,0.0,0.0018270408832772999,-0.1777354919285114,0.02283134136395,-0.05276062401632467,68,0.4152678571428571,61.130160330261134,4.072916666666667,23403.74126984127,1.9365079365079367,68.57730170592987,54.25,28.5,16121.43,400903.0562,591773.6853,3.294117647058824,3.0,0.0,0.0014972266811872001,-0.0080128211217622,-0.18901265164216363,7692.82,78.0,0.0101076626796991,-0.0755450156284496,1.6025641025641026,0.6428575902064542,0.07575395267568552
2017-06,3.0,1.2632493392006303,-0.4091588626615703,0.027777777777777766,0.007266945542410066,-0.216888933914943,0.0261009935259497,-0.21454487740993491,68,0.2250049603174602,59.613673617308535,3.868877401837928,22164.588492063493,0.4444444444444444,74.28447187172912,58.375,31.375,19910.45,316201.5782,1155480.6718,3.338235294117647,3.0,0.0,0.0018270408832772999,0.0950725101865828,-0.05276062401632467,16121.43,68.0,0.02283134136395,-0.1777354919285114,3.294117647058824,0.8168015414041357,0.17394395119768158
2017-07,3.0,1.3470805310468963,0.13763476752986512,0.051282051282051266,0.023862570356472768,-0.1481288282031362,0.0491289984071213,-0.1780198278526465,145,0.2106150793650793,57.13520692450754,3.61695308499744,20981.75515873016,0.4761904761904761,77.90670805598225,61.25,33.25,240627.84,216107.5349,739392.4613,2.103448275862069,3.0,0.027777777777777766,0.007266945542410066,-0.4091588626615703,-0.21454487740993491,19910.45,68.0,0.0261009935259497,-0.216888933914943,3.338235294117647,0.853172228613805,0.036370687209669295
2017-08,3.0,1.9830412967771909,0.26927567863216,0.0,0.016731725219364068,-0.0161614046883809,0.0297135880562403,0.05531345276782907,116,0.2269890873015873,60.14420429884622,3.6405513952892985,20735.6873015873,0.3333333333333333,77.09640067630995,63.375,37.8125,7357.03,138187.4425,434450.7734,2.2327586206896552,3.0,0.051282051282051266,0.023862570356472768,0.13763476752986512,-0.1780198278526465,240627.84,145.0,0.0491289984071213,-0.1481288282031362,2.103448275862069,1.0929433494787517,0.23977112086494667
2017-09,0.0,2.280786564369101,-0.1254130841795442,0.03678334284674929,0.020488750894470626,-0.1186971204588189,0.0042159933464281,-0.16730804050438527,77,0.2985267857142857,56.2921977884684,3.704971891534392,20875.4873015873,0.2222222222222222,73.74620512908228,59.375,34.8125,10677.07,105402.2505,230188.454,1.844155844155844,3.0,0.0,0.016731725219364068,0.26927567863216,0.05531345276782907,7357.03,116.0,0.0297135880562403,-0.0161614046883809,2.2327586206896552,1.188083199857231,0.09513985037847927
2017-10,5.0,3.3214496355641283,-0.06552973594516517,0.0,0.02424653733546232,-0.1974341285009032,0.0150046410915976,-0.3116343554109335,38,0.2887152777777777,52.9578809079541,3.551824116743472,21143.289285714287,2.5277777777777777,66.02939416567105,66.125,47.875,945.62,76836.008,136410.5842,2.0526315789473686,0.0,0.03678334284674929,0.020488750894470626,-0.1254130841795442,-0.16730804050438527,10677.07,77.0,0.0042159933464281,-0.1186971204588189,1.844155844155844,1.4635909097550759,0.2755077098978449
2017-11,3.0,3.4717676347367434,0.05282740714028478,0.0,0.028153951066979335,-0.1155389390944602,0.0208307485962303,-0.13745489592353502,102,0.2971081349206349,66.23602756617433,3.108911694946177,17759.097222222223,1.4166666666666663,61.4756267104543,61.5625,32.5625,692.98,48702.7277,93989.8791,2.92156862745098,5.0,0.0,0.02424653733546232,-0.06552973594516517,-0.3116343554109335,945.62,38.0,0.0150046410915976,-0.1974341285009032,2.0526315789473686,1.4977837744707947,0.03419286471571881
2017-12,3.0,3.0612838677653715,0.3581638854617874,0.0,0.0308606232173111,-0.0381890204800686,0.0336517879006868,-0.15336248278617856,71,0.1591269841269841,48.19969118023553,3.4520913338453663,20494.178968253967,3.234126984126984,52.61981262800819,100.0,49.625,4921.549999999999,77830.4083,82657.595,2.197183098591549,3.0,0.0,0.028153951066979335,0.05282740714028478,-0.13745489592353502,692.98,102.0,0.0208307485962303,-0.1155389390944602,2.92156862745098,1.4014991472130307,-0.09628462725776399
2018-01,0.0,2.8396204837133494,-0.1254130841795442,0.03678334284674929,0.020488750894470626,0.0281824804663371,0.0267249260686638,-0.16730804050438527,39,1.5156785714285714,66.23450579457776,3.3635306590656286,19664.55047619048,1.9166666666666663,54.35944585143105,67.0,27.1875,66.49,367100.2731,172748.9945,5.743589743589744,3.0,0.0,0.0308606232173111,0.3581638854617874,-0.15336248278617856,4921.549999999999,71.0,0.0336517879006868,-0.0381890204800686,2.197183098591549,1.34537352934908,-0.05612561786395065
2018-02,1.0,1.7095380170984937,-0.6387953469529748,0.0,0.0013562386980108,-0.0363149144941417,0.0153622693096377,0.1091125458478927,32,0.3629702380952381,53.48649474836231,3.872380952380953,20812.71523809524,0.4666666666666665,54.30026191263543,58.3125,29.5625,390.05,238442.5372,127857.6033,11.03125,0.0,0.03678334284674929,0.020488750894470626,-0.1254130841795442,-0.16730804050438527,66.49,39.0,0.0267249260686638,0.0281824804663371,5.743589743589744,0.9967781469639789,-0.3485953823851011
2018-03,0.0,1.5711605722068789,-0.1254130841795442,0.03678334284674929,0.020488750894470626,-0.208317450589675,0.0485327188568561,-0.16730804050438527,32,2.8605386904761905,65.88651679040792,3.806599458809808,22323.20857142857,1.8047619047619048,57.08018475137964,41.875,13.9375,40.04,460929.3805,272195.2787,3.15625,1.0,0.0,0.0013562386980108,-0.6387953469529748,0.1091125458478927,390.05,32.0,0.0153622693096377,-0.0363149144941417,11.03125,0.9443573814898226,-0.052420765474156306
2018-04,2.0,1.3491800876932463,-0.1826789376791567,0.04545454545454545,0.0103425696167631,0.0891576414869632,0.0054347826086956,0.140737249981612,3,0.4104940476190476,58.20141484154415,4.164102411477412,23610.53238095238,1.4714285714285715,64.07353757210223,56.625,28.125,3849.03,444678.9876,364019.1784,3.0,0.0,0.03678334284674929,0.020488750894470626,-0.1254130841795442,-0.16730804050438527,40.04,32.0,0.0485327188568561,-0.208317450589675,3.15625,0.8540663684227638,-0.09029101306705878
2018-05,1.0,1.507737576631555,-0.9097780282609164,0.0,0.0030349013657056,-0.0125006501153675,0.0073002754820936,-0.7088011112064123,30,0.1150624999999999,61.790418779905366,4.091112711213517,23212.601904761905,1.2428571428571429,68.09450221016444,51.625,28.375,5729.59,450019.4117,396108.0402,2.333333333333333,2.0,0.04545454545454545,0.0103425696167631,-0.1826789376791567,0.140737249981612,3849.03,3.0,0.0054347826086956,0.0891576414869632,3.0,0.9193809827791775,0.06531461435641361
2018-06,1.0,1.3635944048694562,-0.2359568625688552,0.0,0.0,0.0338437666957217,0.0371152325077111,0.0545552968978881,38,0.1470922619047618,58.11639749817552,4.010984263820471,23075.991666666665,1.4285714285714284,72.2700901356785,58.3125,36.625,9892.89,386501.225,955826.4762,3.1578947368421053,1.0,0.0,0.0030349013657056,-0.9097780282609164,-0.7088011112064123,5729.59,30.0,0.0073002754820936,-0.0125006501153675,2.333333333333333,0.8601835132795473,-0.05919746949963012
2018-07,1.0,1.6201692506059922,-0.1432743109762668,0.0,0.0098522167487684,0.0282872811907769,0.0043599534800612,-0.4002757705748081,53,0.1600257034632034,57.35777257773648,3.8404050586510254,22173.295995671,0.3636363636363636,77.35184765143046,59.125,37.25,6953.72,277363.3399,813956.0854,25.49056603773585,1.0,0.0,0.0,-0.2359568625688552,0.0545552968978881,9892.89,38.0,0.0371152325077111,0.0338437666957217,3.1578947368421053,0.9632389151544857,0.10305540187493833
2018-08,3.0,1.770078149238575,0.07602952296535175,0.14949494949494946,0.026353620927976967,-0.2184665401333144,0.0151526775083689,0.0063818680743376,21,0.0870711580086579,58.56079744061548,3.6026152720796074,21289.557467532468,0.5454545454545454,76.85598488328002,67.625,42.625,3341.55,142045.0922,414835.4834,2.4761904761904763,1.0,0.0,0.0098522167487684,-0.1432743109762668,-0.4002757705748081,6953.72,53.0,0.0043599534800612,0.0282872811907769,25.49056603773585,1.018875532522783,0.05563661736829728
2018-09,3.0,1.6259349774764762,-0.26476976834237576,0.0,0.010048779204005166,-0.113554320401118,0.0202326747684532,0.05591617679844298,52,0.0520386904761904,60.47316393615962,3.3471876127344875,19037.45627705628,0.0909090909090909,72.60492151347216,60.4375,43.75,1848.49,84086.7947,193404.8905,4.1923076923076925,3.0,0.14949494949494946,0.026353620927976967,0.07602952296535175,0.0063818680743376,3341.55,21.0,0.0151526775083689,-0.2184665401333144,2.4761904761904763,0.9654370145216744,-0.05343851800110855
2018-10,0.0,1.9776443165759978,-0.1254130841795442,0.03678334284674929,0.020488750894470626,-0.0061411642357064,0.0125843824119686,-0.16730804050438527,28,0.3483252164502164,58.720587922227935,3.361016149844779,19620.30205627705,0.4155844155844155,66.55163666172537,55.5,36.25,695.94,86973.4439,96429.9345,3.25,3.0,0.0,0.010048779204005166,-0.26476976834237576,0.05591617679844298,1848.49,52.0,0.0202326747684532,-0.113554320401118,4.1923076923076925,1.0911324901158883,0.1256954755942139
2018-11,4.0,2.0035900874931754,-0.13486266240943223,0.0,0.016501721432843425,-0.1347806995795311,0.0095347033646589,-0.22819548472762108,23,1.1598579545454546,55.77685342266478,3.331549410908564,17341.583116883117,1.8333333333333333,59.059992106847965,66.0625,42.75,365.94,47026.16,51521.7872,26.39130434782609,0.0,0.03678334284674929,0.020488750894470626,-0.1254130841795442,-0.16730804050438527,695.94,28.0,0.0125843824119686,-0.0061411642357064,3.25,1.099808269029455,0.008675778913566745
2018-12,1.0,1.7758438761090591,-0.1517635714262724,0.0,0.003613369467028,-0.3236884102970361,0.0147428571428571,-0.6161441672593355,25,1.1862107683982683,69.89747940231811,3.411294337383047,18567.91038961039,0.8474025974025973,54.08229301463172,63.875,21.3125,20.81,93715.8097,134534.70440000002,5.72,4.0,0.0,0.016501721432843425,-0.13486266240943223,-0.22819548472762108,365.94,23.0,0.0095347033646589,-0.1347806995795311,26.39130434782609,1.0209548004682771,-0.07885346856117792
2019-01,1.0,2.0574798787689055,-0.6948175122961402,0.0,0.0043887147335423,-0.2357345474010799,0.0222764625725152,-0.5447966074571013,22,3.3005627705627703,69.5313119338022,3.638838762044407,20837.66093073593,1.938311688311688,52.48504713028906,55.125,17.0,34.24,349909.5383,66722.58410000001,3.6818181818181817,1.0,0.0,0.003613369467028,-0.1517635714262724,-0.6161441672593355,20.81,25.0,0.0147428571428571,-0.3236884102970361,5.72,1.1175910076152318,0.09663620714695464
2019-02,3.0,1.8701742875644534,-0.48958911187946796,0.07407407407407407,0.03935477616016853,-0.2105253242076404,0.0691884005373663,-0.25962722425659496,31,4.061792478354978,71.6690209599177,4.187335149969079,21214.09891774892,5.837662337662338,51.69968857366179,40.625,10.8125,13.74,263417.4875,102268.3443,3.7096774193548394,1.0,0.0,0.0043887147335423,-0.6948175122961402,-0.5447966074571013,34.24,22.0,0.0222764625725152,-0.2357345474010799,3.6818181818181817,1.0543727553020714,-0.06321825231316036
2019-03,0.0,2.146810237651029,-0.1254130841795442,0.03678334284674929,0.020488750894470626,-0.0857446107855888,0.0120035125296281,-0.16730804050438527,34,2.3234645562770564,66.2936963096073,3.9326766403958944,22565.45595238095,3.5032467532467537,57.35544703951962,40.5,15.5,1236.85,470153.1585,237208.1364,9.588235294117649,3.0,0.07407407407407407,0.03935477616016853,-0.48958911187946796,-0.25962722425659496,13.74,31.0,0.0691884005373663,-0.2105253242076404,3.7096774193548394,1.1463893168205974,0.092016561518526
2019-04,4.0,1.803896924522878,-0.04367088631261137,0.1607142857142857,0.05577510102217227,0.0445041325197301,0.0144740163363866,-0.1680474393069744,39,0.5756304112554113,62.93749304811615,4.033881854256855,22832.029978354974,4.8603896103896105,64.46002596708847,49.0,21.6875,597.1,494055.633,343656.48840000003,5.0256410256410255,0.0,0.03678334284674929,0.020488750894470626,-0.1254130841795442,-0.16730804050438527,1236.85,34.0,0.0120035125296281,-0.0857446107855888,9.588235294117649,1.0310102083407802,-0.11537910847981725
2019-05,0.0,1.8759375365245903,-0.1254130841795442,0.03678334284674929,0.020488750894470626,0.0397429951774557,0.0090167221686943,-0.16730804050438527,23,1.482180735930736,67.70411940820665,4.1134140022978,23950.79989177489,3.938311688311688,66.63931209613945,46.5,20.0,1650.68,748963.6635,563234.5608,3.9565217391304346,4.0,0.1607142857142857,0.05577510102217227,-0.04367088631261137,-0.1680474393069744,597.1,39.0,0.0144740163363866,0.0445041325197301,5.0256410256410255,1.056378720751103,0.025368512410322896
2019-06,2.0,1.6281178312386997,0.028264016844332246,0.0,0.01545860699178775,-0.0234186968965721,0.0159646937110217,-0.2082010302692651,14,0.0519318181818181,62.54799017633069,3.899013233733061,22426.17792207792,1.8603896103896105,73.06227244618408,52.0,25.6875,11310.43,835658.4578,854682.529,5.714285714285714,0.0,0.03678334284674929,0.020488750894470626,-0.1254130841795442,-0.16730804050438527,1650.68,23.0,0.0090167221686943,0.0397429951774557,3.9565217391304346,0.9662679364660429,-0.09011078428506014
2019-07,4.0,1.717448190120823,-0.05587118526455016,0.0,0.02184451871067435,0.0631744388867026,0.015566295744009,-0.32744306116364896,30,0.045340909090909,58.870714634827536,3.819105222734255,22730.46774891775,0.4545454545454545,76.40188740023417,57.375,31.25,4763.610000000001,396037.3673,892634.2506,5.6,2.0,0.0,0.01545860699178775,0.028264016844332246,-0.2082010302692651,11310.43,14.0,0.0159646937110217,-0.0234186968965721,5.714285714285714,0.9996932745585566,0.03342533809251369
2019-08,5.0,2.089177748049659,0.11681182668544351,0.03484848484848484,0.02101962447878964,-0.1800189829003569,0.0388859551590703,-0.11844150926917792,37,0.0280384199134199,59.679894582845776,3.707246107387237,22041.70551948052,0.0909090909090909,76.58943980630653,54.125,34.4375,2889.94,185157.7551,485409.8312,6.756756756756757,4.0,0.0,0.02184451871067435,-0.05587118526455016,-0.32744306116364896,4763.610000000001,30.0,0.015566295744009,0.0631744388867026,5.6,1.12790495454371,0.12821167998515348
2019-09,1.0,2.031545258448289,0.0661486107856035,0.0,0.0321543408360128,-0.0707805944149623,0.0166966263533564,-0.0470377728343009,79,0.0437540584415584,58.67447458731402,3.6988916847041846,21270.743506493505,0.8863636363636364,73.644924877502,54.8125,38.1875,3629.97,82157.3165,224636.2759,8.025316455696203,5.0,0.03484848484848484,0.02101962447878964,0.11681182668544351,-0.11844150926917792,2889.94,37.0,0.0388859551590703,-0.1800189829003569,6.756756756756757,1.109072475809032,-0.018832478734678082
2019-10,1.0,2.7548330029454813,-0.2509764619171619,0.2,0.0389221556886227,-0.1893118929568261,0.0121058769545358,-0.2602766640484333,72,0.0188446969696969,46.96945280053479,3.750288978494624,22026.710281385283,3.656926406926407,64.80112903911326,60.0,47.125,3780.05,88859.3208,90146.0934,6.569444444444445,1.0,0.0,0.0321543408360128,0.0661486107856035,-0.0470377728343009,3629.97,79.0,0.0166966263533564,-0.0707805944149623,8.025316455696203,1.3230438109769291,0.21397133516789713
2019-11,0.0,2.6424496482228097,-0.1254130841795442,0.03678334284674929,0.020488750894470626,-0.1626749150260972,0.0109785509031198,-0.16730804050438527,24,2.3216044372294373,58.53165505570044,3.272921626984127,18391.4446969697,1.4448051948051948,58.374561719410856,70.9375,43.8125,292.44,76737.9978,54296.8428,3.208333333333333,1.0,0.2,0.0389221556886227,-0.2509764619171619,-0.2602766640484333,3780.05,72.0,0.0121058769545358,-0.1893118929568261,6.569444444444445,1.2926564355799586,-0.030387375396970562
2019-12,0.0,2.2966547106145905,-0.1254130841795442,0.03678334284674929,0.020488750894470626,-0.169857201018286,0.0265869872809673,-0.16730804050438527,33,2.7986999458874458,73.07861681329423,3.477871456500489,19588.301515151517,1.825757575757576,53.41673020527859,50.9375,16.375,18.71,113725.3879,68330.8395,5.636363636363637,0.0,0.03678334284674929,0.020488750894470626,-0.1254130841795442,-0.16730804050438527,292.44,24.0,0.0109785509031198,-0.1626749150260972,3.208333333333333,1.192908230250508,-0.0997482053294505
2020-01,2.0,1.9910722165926966,0.022890325635671616,0.0,0.013863721545414199,-0.0842606202117167,0.0147293400725895,0.2634835129138082,18,0.4468614718614718,73.13812475109518,3.3704883512544805,18991.147727272728,1.181818181818182,51.71558019713262,59.0,20.5,0.05,339253.3271,55782.36,12.38888888888889,0.0,0.03678334284674929,0.020488750894470626,-0.1254130841795442,-0.16730804050438527,18.71,33.0,0.0265869872809673,-0.169857201018286,5.636363636363637,1.095631923987794,-0.097276306262714
2020-02,4.0,2.019886575732967,-0.0444862089352682,0.0,0.011671651291052375,-0.0927293979584646,0.0125018195741879,-0.11293837183620781,31,0.3232305194805194,56.30601341419838,3.7509917784163473,19814.70487012987,2.762987012987013,53.82698834610473,58.0,30.5,0.0,226821.0641,120286.1192,5.0,2.0,0.0,0.013863721545414199,0.022890325635671616,0.2634835129138082,0.05,18.0,0.0147293400725895,-0.0842606202117167,12.38888888888889,1.1052192729771546,0.009587348989360533
2020-03,3.0,1.844118984977317,-0.4622581621321539,0.0,0.008780397356845233,-0.4655677030375227,0.0205026702139111,0.06531374032298724,98,2.704104437229437,69.9993874551115,3.886304890469512,22633.104004329005,3.1103896103896105,57.60332413087146,33.875,10.75,0.1,448248.2707,276540.7476,5.408163265306122,4.0,0.0,0.011671651291052375,-0.0444862089352682,-0.11293837183620781,0.0,31.0,0.0125018195741879,-0.0927293979584646,5.0,1.045253348258993,-0.059965924718161645
2020-04,1.0,1.3341048281945276,0.6112394663505256,0.0,0.0228658536585365,-0.28523492662757,0.0238477220055998,0.0298642944544553,58,2.453043831168831,68.6071956324327,4.017396825396825,22845.446969696968,1.5876623376623376,62.7964460978836,48.1875,18.9375,0.0,442740.9789,441349.8653,9.879310344827584,3.0,0.0,0.008780397356845233,-0.4622581621321539,0.06531374032298724,0.1,98.0,0.0205026702139111,-0.4655677030375227,5.408163265306122,0.8476284463924257,-0.19762490186656723
2020-05,1.0,1.2303731352895535,0.2108801268041134,0.0,0.0344827586206896,-0.1235408745908542,0.0186895940737102,-0.0173611193895339,22,0.36348079004329,59.1150153609831,4.21581797235023,24759.996753246756,3.253246753246753,70.60327476958525,52.375,28.625,10.66,634989.26,565422.0652,9.318181818181818,1.0,0.0,0.0228658536585365,0.6112394663505256,0.0298642944544553,0.0,58.0,0.0238477220055998,-0.28523492662757,9.879310344827584,0.8021688967166727,-0.04545954967575305
2020-06,4.0,1.4061407260452041,-0.0223393114283681,0.11126373626373623,0.020983726986636277,-0.417352475815763,0.024272705286338,0.20244415197521448,15,0.4117343073593073,58.21605961181751,4.193780753968254,23831.902056277057,2.724025974025974,73.91387202380952,52.5625,30.1875,23.8,538632.3622,818451.9911,53.0,1.0,0.0,0.0344827586206896,0.2108801268041134,-0.0173611193895339,10.66,22.0,0.0186895940737102,-0.1235408745908542,9.318181818181818,0.8780241054701337,0.07585520875346097
2020-07,3.0,1.2764761099139865,-0.192367418979605,0.0625,0.043247707328150774,-0.2206848664839829,0.0055724861108018,-0.2161630035067598,43,0.2591084956709956,56.09746746868723,3.803542811355311,22158.813419913426,0.8636363636363635,76.52076516897081,54.375,31.5,1006.46,327234.77390000003,985411.3103,7.488372093023256,4.0,0.11126373626373623,0.020983726986636277,-0.0223393114283681,0.20244415197521448,23.8,15.0,0.024272705286338,-0.417352475815763,53.0,0.8226286815201901,-0.05539542394994357
2020-08,3.0,1.6107226759411253,-0.2556805172935129,0.09999999999999999,0.013674728912926532,-0.309983474916468,0.0161764815644126,0.18728889897465703,25,0.1046266233766233,57.37319826978968,3.600765991880623,20900.88463203463,0.5454545454545454,77.18868409897074,63.875,38.25,2005.6,125692.5561,550092.2313,11.08,3.0,0.0625,0.043247707328150774,-0.192367418979605,-0.2161630035067598,1006.46,43.0,0.0055724861108018,-0.2206848664839829,7.488372093023256,0.9596270703421432,0.13699838882195314
2020-09,2.0,1.6683513942216666,-0.074164624325931,0.0,0.02269246586026455,-0.2153543957911834,0.0097232052798379,-0.3044326063245535,33,0.0821793831168831,57.10057791722508,3.1850900488400486,17798.293722943723,0.0,73.24140196014304,94.5,60.6875,0.0,88260.0024,273244.2679,6.787878787878788,3.0,0.09999999999999999,0.013674728912926532,-0.2556805172935129,0.18728889897465703,2005.6,25.0,0.0161764815644126,-0.309983474916468,11.08,0.9814608263604097,0.021833756018266426
2020-10,1.0,1.9968350884207509,0.0936691705137491,0.0,0.00734394124847,-0.0288335691590833,0.0073900903699419,0.8872630717232823,23,0.0617627164502164,54.04733073825816,3.129083333333333,18334.731709956708,0.7272727272727273,68.46097926267281,81.75,55.375,2.2,97140.2013,110703.7636,4.086956521739131,2.0,0.0,0.02269246586026455,-0.074164624325931,-0.3044326063245535,0.0,33.0,0.0097232052798379,-0.2153543957911834,6.787878787878788,1.0975567612685966,0.11609593490818693
2020-11,2.0,1.8585261645474522,-0.0015795500949024877,0.0,0.012817569804657251,-0.0828067252755557,0.0073959408324733,-0.535167652182281,19,0.5675351731601732,58.31063902572524,3.31768253968254,18555.73896103896,2.090909090909091,58.008625,72.0,34.8125,0.0,52994.0882,64883.912500000006,6.526315789473684,1.0,0.0,0.00734394124847,0.0936691705137491,0.8872630717232823,2.2,23.0,0.0073900903699419,-0.0288335691590833,4.086956521739131,1.050306164923816,-0.04725059634478068
2020-12,3.0,1.8354746772352357,-0.22955995487670103,0.1111111111111111,0.028677807133071,-0.0909514935570769,0.0166721229570066,-0.22131209634244442,38,0.8424242424242424,54.84654965774091,3.601380742913001,19616.37922077922,3.053030303030303,51.86398844144207,70.875,30.625,0.0,89543.8679,81411.57430000001,5.947368421052632,2.0,0.0,0.012817569804657251,-0.0015795500949024877,-0.535167652182281,0.0,19.0,0.0073959408324733,-0.0828067252755557,6.526315789473684,1.0422093578149754,-0.008096807108840531
2021-01,1.0,2.107282899780834,0.0004350952804088,0.0,0.0095238095238095,-0.2486273802085114,0.0114308005600692,0.5217579901218414,34,1.8821036255411256,61.04024415063009,3.924248097332775,22712.00216450216,7.529220779220779,51.632632815772936,65.3125,26.375,12.56,340404.2992,35893.8149,18.705882352941178,3.0,0.1111111111111111,0.028677807133071,-0.22955995487670103,-0.22131209634244442,0.0,38.0,0.0166721229570066,-0.0909514935570769,5.947368421052632,1.1337486786575357,0.09153932084256033
2021-02,4.0,1.9107187884158179,-0.11431071883998814,0.0,0.0037839936365473004,-0.0834133818668002,0.0185541372811874,0.027534285560250282,12,0.1594683441558441,57.789079721535074,3.873111375231911,20737.835714285717,2.821428571428571,54.21020698051948,55.375,26.1875,56.2,215603.2648,135541.6252,8.333333333333334,1.0,0.0,0.0095238095238095,0.0004350952804088,0.5217579901218414,12.56,34.0,0.0114308005600692,-0.2486273802085114,18.705882352941178,1.0684000570108203,-0.0653486216467154
2021-03,3.0,1.94540657277435,-0.10407525549332297,0.0,0.061512615054063774,0.0311987392223355,0.0103227447574888,-0.34597154582540196,32,0.9297294372294372,59.47761808894665,4.023590018852116,23953.956818181818,3.8376623376623376,56.40971985843458,48.625,20.6875,20.66,360444.4513,150330.2056,32.84375,4.0,0.0,0.0037839936365473004,-0.11431071883998814,0.027534285560250282,56.2,12.0,0.0185541372811874,-0.0834133818668002,8.333333333333334,1.080246862846224,0.011846805835403762
2021-04,1.0,1.615872621368294,-0.482121161185205,0.2727272727272727,0.0386831275720164,-0.2111916796196825,0.013620184090518,0.0442069768905639,37,0.1004640151515151,57.10290466238742,3.998338293650794,23025.95735930736,3.090909090909091,63.52601100288601,57.0,31.5625,373.96,371697.3346,346573.8615,9.405405405405403,3.0,0.0,0.061512615054063774,-0.10407525549332297,-0.34597154582540196,20.66,32.0,0.0103227447574888,0.0311987392223355,32.84375,0.9615977402719493,-0.11864912257427473
2021-05,4.0,1.6794668926922696,0.2585899271653034,0.0,0.021624526289270373,-0.1520002366642334,0.0261516098226801,0.03852681210264566,32,0.031045725108225,57.76058054848377,4.278725911185589,25468.00497835498,3.814935064935065,68.63601015919565,56.375,32.0,8681.460000000001,390129.9733,468975.108,8.6875,1.0,0.2727272727272727,0.0386831275720164,-0.482121161185205,0.0442069768905639,373.96,37.0,0.013620184090518,-0.2111916796196825,9.405405405405403,0.9856178540982183,0.024020113826269007
2021-06,4.0,1.757514407498967,-0.04642378678545352,0.04545454545454545,0.028424600401252248,-0.0208118833273787,0.0142100239274068,-0.1073284815065562,25,0.0184361471861471,56.58856267888783,4.104279401154401,23645.823484848486,1.5584415584415583,73.95683822004942,54.5625,30.25,4030.15,379057.4157,885972.5082,11.0,4.0,0.0,0.021624526289270373,0.2585899271653034,0.03852681210264566,8681.460000000001,32.0,0.0261516098226801,-0.1520002366642334,8.6875,1.0143296969728381,0.02871184287461981
2021-07,3.0,1.9656411136501606,-0.02700767883410057,0.0,0.0098988690843749,-0.0214284751429938,0.0109632506692038,-0.10100309737026691,37,0.2235984848484848,56.02916426651306,3.76038393729926,22369.927813852813,0.4545454545454545,78.06365627136813,55.75,31.6875,1827.84,272980.992,771770.1714,8.35135135135135,4.0,0.04545454545454545,0.028424600401252248,-0.04642378678545352,-0.1073284815065562,4030.15,25.0,0.0142100239274068,-0.0208118833273787,11.0,1.0870932362766856,0.07276353930384749
2021-08,1.0,1.8095460840367656,-0.3658771198242903,0.0,0.0155038759689922,-0.1056399901572149,0.0216968312278393,-0.6883937083184719,32,0.1975351731601731,56.58340751989945,3.654364352045804,21743.428354978358,1.0681818181818183,76.74612846461463,66.625,40.6875,2423.42,112495.191,492236.7536,9.875,3.0,0.0,0.0098988690843749,-0.02700767883410057,-0.10100309737026691,1827.84,37.0,0.0109632506692038,-0.0214284751429938,8.35135135135135,1.0330229343673443,-0.05407030190934137
2021-09,1.0,1.8355619223056647,-0.1598221492022276,0.0,0.0276497695852534,-0.2277913769697382,0.0162466335334996,-0.4243839550763368,22,0.2353003246753246,58.28465738045479,3.434577922077922,19778.507792207794,0.7402597402597402,73.67246610917094,65.0625,42.625,441.52,69338.1394,140339.6783,5.136363636363637,1.0,0.0,0.0155038759689922,-0.3658771198242903,-0.6883937083184719,2423.42,32.0,0.0216968312278393,-0.1056399901572149,9.875,1.042240126465082,0.009217192097737748
2021-10,2.0,1.8615777605745636,-0.06279003527015445,0.1,0.03810975609756095,-0.2580194817733411,0.0248180672914629,-0.27225084882229567,57,1.152297077922078,57.28598484848485,3.5205431329423265,20965.66699134199,3.493506493506493,65.4043403505097,61.125,34.125,197.82,68404.3532,74253.9362,15.24561403508772,1.0,0.0,0.0276497695852534,-0.1598221492022276,-0.4243839550763368,441.52,22.0,0.0162466335334996,-0.2277913769697382,5.136363636363637,1.0513731372573818,0.009133010792299778
2021-11,2.0,1.954078518863983,-0.03820839151740075,0.0,0.0116976604679064,-0.1464598772767931,0.0203856151091445,0.25709599489346147,24,0.2346645021645021,64.31201174304623,3.2076474567099567,18477.86396103896,2.1136363636363638,60.36888618326118,71.25,30.0625,34.15,63142.7935,61456.765,5.333333333333333,2.0,0.1,0.03810975609756095,-0.06279003527015445,-0.27225084882229567,197.82,57.0,0.0248180672914629,-0.2580194817733411,15.24561403508772,1.0831867642786075,0.0318136270212257
2021-12,2.0,1.8037647866436768,0.015305584296584102,0.0,0.0038703299572864502,-0.0246258126995102,0.0069930069930069,-0.049473494291305556,11,4.213486201298701,77.81560674428619,3.2002655806335243,18996.055952380957,3.16991341991342,53.37424718818367,56.5,19.75,8.15,99092.957,41968.5546,4.909090909090909,2.0,0.0,0.0116976604679064,-0.03820839151740075,0.25709599489346147,34.15,24.0,0.0203856151091445,-0.1464598772767931,5.333333333333333,1.0309630807193109,-0.05222368355929663
2022-01,5.0,1.639544654263201,0.17299141352996233,0.0,0.01842942382200178,0.0195767430122941,0.0034188034188034,-0.01259761294350028,15,0.2496807359307359,63.09023248620916,3.008835881860076,17376.525216450216,2.1136363636363638,52.258725096588,67.875,30.714285714285715,1504.0,366417.8864,54533.3624,11.8,2.0,0.0,0.0038703299572864502,0.015305584296584102,-0.049473494291305556,8.15,11.0,0.0069930069930069,-0.0246258126995102,4.909090909090909,0.9706064228361775,-0.06035665788313338
2022-02,4.0,1.5029159330746011,0.2763087798375636,0.0,0.030542873068077476,-0.1754882515690821,0.0154213323070904,0.025666427332907873,27,0.2954342532467532,47.83449689364869,3.807406655844156,19730.895887445888,2.4361471861471857,53.33644947562358,59.125,31.928571428571427,13534.0,118474.1955,76337.891,10.77777777777778,5.0,0.0,0.01842942382200178,0.17299141352996233,-0.01259761294350028,1504.0,15.0,0.0034188034188034,0.0195767430122941,11.8,0.9174564254191993,-0.053149997416978234
2022-03,3.0,1.459311022056963,0.23761208060507974,0.0,0.0197553836994806,-0.0407087501439758,0.0151943694706852,-0.17393651666740584,17,1.1555963203463204,56.95484708839548,3.9006221416352473,22281.22928571429,3.116883116883117,58.429063830994274,53.5,28.125,1277.0,305924.8908,144959.4174,5.882352941176471,4.0,0.0,0.030542873068077476,0.2763087798375636,0.025666427332907873,13534.0,27.0,0.0154213323070904,-0.1754882515690821,10.77777777777778,0.8998812383821226,-0.01757518703707661
2022-04,2.0,1.700591529687895,-0.3680500658228993,0.13636363636363635,0.0303480475382003,-0.2357310068940645,0.0245442368810794,-0.4524368532001972,33,0.2521255411255411,57.219386156120095,4.240330988455988,24048.178181818184,5.777272727272727,64.15858747574265,52.6875,28.375,461117.0,368670.2131,176237.123,11.87878787878788,3.0,0.0,0.0197553836994806,0.23761208060507974,-0.17393651666740584,1277.0,17.0,0.0151943694706852,-0.0407087501439758,5.882352941176471,0.993470834084245,0.09358959570212233
2022-05,0.0,1.889546144097661,-0.1254130841795442,0.03678334284674929,0.020488750894470626,-0.1532896442269604,0.0160410569245155,-0.16730804050438527,29,0.0564242424242424,54.92757796862635,4.46428513644309,26101.018528138527,5.366233766233767,68.93951517198042,56.25,35.25,8042.0,440208.714,277101.9625,5.0,2.0,0.13636363636363635,0.0303480475382003,-0.3680500658228993,-0.4524368532001972,461117.0,33.0,0.0245442368810794,-0.2357310068940645,11.87878787878788,1.061099446226886,0.06762861214264093
2022-06,1.0,1.7907083457910142,-0.7456820346415043,0.0,0.0089766606822262,-0.2948877422718285,0.0011443322289196,-0.4697135761380195,35,0.2141528679653679,53.779366225249845,4.270398004055331,24127.027662337663,2.7142857142857144,74.33869213377619,56.5625,32.5625,22490.0,321226.3365,285694.4202,4.971428571428572,0.0,0.03678334284674929,0.020488750894470626,-0.1254130841795442,-0.16730804050438527,8042.0,29.0,0.0160410569245155,-0.1532896442269604,5.0,1.0262954509896192,-0.03480399523726674
2022-07,6.0,1.726754476298478,-0.0620056677920123,0.0,0.0034399513634504665,0.0849574916658695,0.0071973378095827,-0.1142468685284257,23,0.3219905303030303,55.87429763529944,4.024320712889261,23484.12140692641,0.7045454545454545,77.51024094632965,50.375,29.375,124563.0,237669.8917,226477.4488,31.782608695652176,1.0,0.0,0.0089766606822262,-0.7456820346415043,-0.4697135761380195,22490.0,35.0,0.0011443322289196,-0.2948877422718285,4.971428571428572,1.0031120654494543,-0.023183385540164858
2022-08,4.0,1.9796629602007803,-0.34115735255181784,0.0238095238095238,0.01949664708539435,-0.1347767225926037,0.0110039380422655,0.11632199585437775,36,0.3123336038961039,54.02877431219339,3.869867039014008,22556.15140692641,0.0909090909090909,78.73512445601668,52.0,37.875,23522.0,95659.1355,108856.9226,7.055555555555555,6.0,0.0,0.0034399513634504665,-0.0620056677920123,-0.1142468685284257,124563.0,23.0,0.0071973378095827,0.0849574916658695,31.782608695652176,1.0918101935171927,0.08869812806773836
2022-09,1.0,1.9331510551152993,-0.0697532333433628,0.0,0.0080213903743315,-0.2349107515019102,0.0249297195786784,-0.1143744103610515,38,1.039563041125541,56.155140785064845,3.618018127705628,20412.624891774893,0.0909090909090909,76.86176729355603,57.875,40.5625,341607.0,65389.3913,118341.4199,10.63157894736842,4.0,0.0238095238095238,0.01949664708539435,-0.34115735255181784,0.11632199585437775,23522.0,36.0,0.0110039380422655,-0.1347767225926037,7.055555555555555,1.0760772905836602,-0.015732902933532467
2022-10,1.0,1.622102689856146,-0.5170504730194807,0.0666666666666666,0.0511049723756906,-0.2381736901775002,0.0019036954087346,-0.4124836474657058,25,0.352724567099567,60.26041182895445,3.2407605432202207,18903.569047619047,0.3246753246753245,69.7670335971632,58.75,45.875,231443.0,80538.0986,88635.5627,27.48,1.0,0.0,0.0080213903743315,-0.0697532333433628,-0.1143744103610515,341607.0,38.0,0.0249297195786784,-0.2349107515019102,10.63157894736842,0.9639765492794522,-0.112100741304208
2022-11,4.0,1.8081503101980694,-0.29991964128566906,0.0874125874125874,0.0301109310953451,-0.1318311483599245,0.0128932282694252,0.03071530954912305,29,1.2345224567099566,57.39887987012987,3.653966690716691,20588.54816017316,2.9696969696969697,56.57183394680716,63.625,36.375,277.0,55672.7803,41953.789,6.172413793103448,1.0,0.0666666666666666,0.0511049723756906,-0.5170504730194807,-0.4124836474657058,231443.0,25.0,0.0019036954087346,-0.2381736901775002,27.48,1.032526014003741,0.06854946472428891
2022-12,1.0,1.6511726305345715,0.1319070709869265,0.0,0.0239774330042313,-0.3663211231275151,0.0190144682718027,0.0288643278181552,21,3.196946699134199,76.68539177139829,3.244920103594764,18878.681926406927,3.264069264069264,52.35449811793593,57.25,23.625,191.0,84634.3039,31536.0932,6.666666666666667,4.0,0.0874125874125874,0.0301109310953451,-0.29991964128566906,0.03071530954912305,277.0,29.0,0.0128932282694252,-0.1318311483599245,6.172413793103448,0.9750020442114715,-0.05752396979226959
2023-01,2.0,1.7057291227763482,0.1021760245785117,0.0,0.0296352583586626,-0.2629222029101346,0.0234278719911202,0.20242011733353138,46,4.6801866883116885,73.41094702788251,4.023352272727273,23293.459523809524,3.378787878787879,51.7649357718894,48.375,19.875,215.0,279728.9172,32167.4373,11.217391304347826,1.0,0.0,0.0239774330042313,0.1319070709869265,0.0288643278181552,191.0,21.0,0.0190144682718027,-0.3663211231275151,6.666666666666667,0.995371422290247,0.02036937807877548
2023-02,7.0,1.3541222678258573,-0.22157980973965352,0.03896103896103896,0.006176154672395272,-0.4392520199685047,0.039971570994349,-0.16365745344332286,104,2.869425054112554,62.36203091716485,4.1684152752009895,21938.971861471862,4.5768398268398265,50.81775461889301,45.875,26.875,92.0,126749.7996,115696.3037,14.557692307692308,2.0,0.0,0.0296352583586626,0.1021760245785117,0.20242011733353138,215.0,46.0,0.0234278719911202,-0.2629222029101346,11.217391304347826,0.856167947942012,-0.139203474348235
2023-03,14.0,1.618553869482838,-0.0631256654326405,0.03403361344537815,0.013736263736263734,-0.220791757957119,0.0155719794924181,-0.30740682082250714,23,4.601351461038961,73.66128421309872,4.179506615696132,24380.370995671,3.939393939393939,54.54967630298377,35.5,14.625,50.0,326442.0498,105908.7892,5.3478260869565215,7.0,0.03896103896103896,0.006176154672395272,-0.22157980973965352,-0.16365745344332286,92.0,104.0,0.039971570994349,-0.4392520199685047,14.557692307692308,0.962622207175338,0.10645425923332597
2023-04,4.0,1.3076287994026519,-0.4249978354200721,0.03125,0.0,-0.2250431875325739,0.0199507389162561,-0.5681252740323544,24,0.1172118506493506,63.350387806637805,3.920070165945166,22196.33961038961,2.777056277056277,60.98256734214062,53.8125,29.0625,965.0,291191.849,159313.3687,7.041666666666667,14.0,0.03403361344537815,0.013736263736263734,-0.0631256654326405,-0.30740682082250714,50.0,23.0,0.0155719794924181,-0.220791757957119,5.3478260869565215,0.8362205035630785,-0.12640170361225944
2023-05,3.0,1.4616384135545197,-0.18843638245016336,0.0,0.0024665257223396666,-0.3972268583666947,0.0272006196683384,0.16435527040933573,18,0.4567789502164502,64.35829975995101,4.007644707443094,23513.62781385281,2.068181818181818,67.64293246404134,43.25,23.5,4999.0,441985.2395,181247.8311,5.555555555555555,4.0,0.03125,0.0,-0.4249978354200721,-0.5681252740323544,965.0,24.0,0.0199507389162561,-0.2250431875325739,7.041666666666667,0.9008271500203322,0.06460664645725367
2023-06,3.0,1.5778720846125334,-0.23758614808321,0.0,0.0023380093520374,-0.1041357434199502,0.0301100398816928,-0.005804147571325302,29,0.3071929112554112,64.36600440986217,3.918467261904762,22573.104761904764,1.6363636363636365,71.44411768547545,46.8125,26.0,10769.0,401825.8238,233526.2634,11.379310344827584,3.0,0.0,0.0024665257223396666,-0.18843638245016336,0.16435527040933573,4999.0,18.0,0.0272006196683384,-0.3972268583666947,5.555555555555555,0.9469642852148122,0.04613713519448004
2023-07,6.0,1.5749662428360829,0.0757544684844712,0.0111111111111111,0.00038347234205731665,0.0648377159722494,0.0236229886460269,0.09138123768692212,25,0.2290990259740259,55.459635784502666,3.586560885351208,21352.73409090909,0.9090909090909092,77.44333339151888,54.0,34.5625,404486.0,333260.1653,170300.9727,11.64,3.0,0.0,0.0023380093520374,-0.23758614808321,-0.005804147571325302,10769.0,29.0,0.0301100398816928,-0.1041357434199502,11.379310344827584,0.945836424451548,-0.0011278607632642101
2023-08,7.0,1.9875957750920308,-0.12843540417296545,0.01680672268907563,0.03582731746008337,-0.3004347625673593,0.0271857152129862,-0.21891052728252752,56,1.729266774891775,60.447460492016944,3.574784858958246,21273.23971861472,0.8939393939393939,77.2041171194397,53.125,33.6875,676339.0,231869.5181,125143.0737,23.571428571428573,6.0,0.0111111111111111,0.00038347234205731665,0.0757544684844712,0.09138123768692212,404486.0,25.0,0.0236229886460269,0.0648377159722494,11.64,1.094468975351974,0.14863255090042604
2023-09,3.0,2.0195600346329847,-0.0270112287253141,0.05555555555555553,0.02863199897412823,-0.3459908539969167,0.0138114214176627,-0.19091829657554626,88,0.179032738095238,65.81976106778862,3.265427489177489,18812.10010822511,0.5454545454545454,73.75117074376773,62.25,39.75,4287.0,129646.2982,74249.728,9.102272727272728,7.0,0.01680672268907563,0.03582731746008337,-0.12843540417296545,-0.21891052728252752,676339.0,56.0,0.0271857152129862,-0.3004347625673593,23.571428571428573,1.105111136877486,0.010642161525511895
2023-10,4.0,2.6908094849930126,-0.10304762120358646,0.1572420634920635,0.034959109860770776,-0.0678158930831534,0.0089150770664802,-0.377706091850996,17,0.216489448051948,58.75750253330898,3.165545576735093,18836.612662337662,1.2857142857142856,67.95321196951139,57.0,43.25,14896.0,80377.3024,43667.4754,11.705882352941176,3.0,0.05555555555555553,0.02863199897412823,-0.0270112287253141,-0.19091829657554626,4287.0,88.0,0.0138114214176627,-0.3459908539969167,9.102272727272728,1.3058458066206122,0.20073466974312626
2023-11,6.0,3.672984005433227,-0.13973582776573798,0.052733214497920365,0.024937897874386716,-0.4066812693407493,0.0222222222222222,-0.3846297947069009,7,0.5784943181818182,52.31744554535503,3.209901695526696,18495.43344155844,2.1948051948051948,59.56471066252588,58.0625,38.6875,2867.0,55330.6076,46440.9923,23.571428571428573,4.0,0.1572420634920635,0.034959109860770776,-0.10304762120358646,-0.377706091850996,14896.0,17.0,0.0089150770664802,-0.0678158930831534,11.705882352941176,1.5417978409504427,0.23595203432983047
2023-12,1.0,3.96066234130181,0.2915782160125673,0.0,0.005813953488372,-0.2899614213633218,0.017095381132307,0.0879202242940664,28,1.607385010822511,67.38944422574707,2.920651358050552,17391.068181818184,0.803030303030303,55.17834584723767,65.375,35.5,9264.0,77827.1571,29645.4574,55.71428571428572,6.0,0.052733214497920365,0.024937897874386716,-0.13973582776573798,-0.3846297947069009,2867.0,7.0,0.0222222222222222,-0.4066812693407493,23.571428571428573,1.6015392683744085,0.05974142742396582
2024-01,3.0,3.532108918927077,0.04042435530573132,0.039215686274509796,0.032451020147020365,-0.1994911998626776,0.0126937984496124,-0.1735308766365051,16,1.6715787337662338,73.07693614088915,3.064612135176651,18253.27207792208,1.1666666666666663,53.51506645403083,54.0,22.0,222.0,0.0,0.0,36.4375,1.0,0.0,0.005813953488372,0.2915782160125673,0.0879202242940664,9264.0,28.0,0.017095381132307,-0.2899614213633218,55.71428571428572,1.5111873761794972,-0.09035189219491135
2024-02,6.0,2.542310422855192,-0.2059784474161764,0.038614163614163595,0.023613192156140248,-0.3154274439227513,0.0388643632437186,-0.19407892234933874,22,4.646285173160173,75.84805920452472,3.3864634646962237,18857.030735930737,1.7088744588744589,55.38633107553366,42.75,17.5,37.0,0.0,0.0,14.590909090909092,3.0,0.039215686274509796,0.032451020147020365,0.04042435530573132,-0.1735308766365051,222.0,16.0,0.0126937984496124,-0.1994911998626776,36.4375,1.2647791760780813,-0.24640820010141584
2024-03,3.0,2.0373111901654544,-0.19208387037118269,0.19444444444444442,0.06219013310538524,-0.3454709695535712,0.0166815310293571,-0.275899978975455,20,2.4624702380952384,69.79710061443933,3.826733347297864,22783.215909090908,3.019480519480519,58.80236207117255,36.5,20.25,144.0,0.0,0.0,8.05,6.0,0.038614163614163595,0.023613192156140248,-0.2059784474161764,-0.19407892234933874,37.0,22.0,0.0388643632437186,-0.3154274439227513,14.590909090909092,1.1109726471183665,-0.1538065289597148
2024-04,3.0,2.2248823337359283,-0.14908211057384807,0.15128205128205127,0.04434132562419027,-0.4062909480370581,0.0251231136944124,-0.2638339673479398,25,0.8678990800865802,65.98041666666667,3.875449134199134,22328.57597402597,1.4448051948051948,63.1331112463925,48.125,24.0,4595.0,0.0,0.0,84.16,3.0,0.19444444444444442,0.06219013310538524,-0.19208387037118269,-0.275899978975455,144.0,20.0,0.0166815310293571,-0.3454709695535712,8.05,1.1708964639188397,0.059923816800473206
2024-05,10.0,2.060396869374128,-0.14052399778738617,0.06950549450549448,0.04138844061679436,-0.0466626217239536,0.0084754326133636,-0.14476012568920849,30,0.2012729978354978,61.98032841374575,3.954353276728833,23469.416017316016,2.4448051948051948,69.02558367820674,51.5,27.4375,34967.0,0.0,0.0,55.46666666666667,3.0,0.15128205128205127,0.04434132562419027,-0.14908211057384807,-0.2638339673479398,4595.0,25.0,0.0251231136944124,-0.4062909480370581,84.16,1.1185446034284048,-0.05235186049043494
2024-06,7.0,2.3229964703727917,-0.1484596018812486,0.02210884353741496,0.013994092539080228,-0.3202940689613267,0.0386057401016833,-0.2506077148552452,24,0.131220238095238,57.772113997114,3.9175248015873017,22572.84751082251,1.2857142857142856,74.92915857770541,55.5625,33.3125,221509.0,0.0,0.0,4.958333333333333,10.0,0.06950549450549448,0.04138844061679436,-0.14052399778738617,-0.14476012568920849,34967.0,30.0,0.0084754326133636,-0.0466626217239536,55.46666666666667,1.2008669271909698,0.08232232376256499
2024-07,11.0,2.5567389723606126,-0.26054256883534516,0.09041753700844608,0.041175950305880754,-0.3491702671162784,0.0688051416627549,-0.22374206383458592,42,0.1295251623376623,56.20028627286692,3.5964735766804488,21188.41222943723,0.2727272727272727,79.49525145499737,54.125,34.25,271683.0,0.0,0.0,16.285714285714285,7.0,0.02210884353741496,0.013994092539080228,-0.1484596018812486,-0.2506077148552452,221509.0,24.0,0.0386057401016833,-0.3202940689613267,4.958333333333333,1.2688441060623232,0.06797717887135346
2024-08,13.0,2.73276727632675,-0.326090938769854,0.0967032967032967,0.045825906023632894,-0.2574891870841383,0.008,-0.2811351419927982,5,0.5441910173160174,55.63299032956291,3.5958538437369083,21392.283008658007,0.2727272727272727,77.82180478229412,56.0,39.25,1177855.0,0.0,0.0,5.2,11.0,0.09041753700844608,0.041175950305880754,-0.26054256883534516,-0.22374206383458592,271683.0,42.0,0.0688051416627549,-0.3491702671162784,16.285714285714285,1.3171498557246215,0.04830574966229828
2024-09,8.0,2.8885956109852975,-0.3032487741438672,0.16646533613445375,0.051670793265736384,-0.3890598201416904,0.0466253260643654,-0.35707680124323815,79,0.2633238636363636,58.51405726696675,3.270547588985089,18797.452056277056,0.4545454545454545,75.30335221899972,55.0625,41.25,1267824.0,0.0,0.0,9.08860759493671,13.0,0.0967032967032967,0.045825906023632894,-0.326090938769854,-0.2811351419927982,1177855.0,5.0,0.008,-0.2574891870841383,5.2,1.3580480669913253,0.04089821126670379
2024-10,2.0,3.4715090110043088,-0.038528814911842346,0.0,0.0056818181818181004,-0.2142835691817762,0.0193357387853243,-0.16959577333182096,33,0.1790340909090909,57.2335557960558,3.1680639924591536,18629.1775974026,0.9350649350649348,69.68038354429164,59.375,49.0,19877.0,0.0,0.0,13.909090909090908,8.0,0.16646533613445375,0.051670793265736384,-0.3032487741438672,-0.35707680124323815,1267824.0,79.0,0.0466253260643654,-0.3890598201416904,9.08860759493671,1.4977259380104566,0.13967787101913132
2024-11,1.0,3.584051697146593,-0.0473674237728118,0.0,0.0083507306889352,-0.1951928724379589,0.0110129714968424,-0.433891212567687,14,0.8458887987012987,59.08664772727273,3.39824044011544,19560.87348484849,2.367965367965368,58.672030303030304,56.125,34.0,58583.0,0.0,0.0,10.857142857142858,2.0,0.0,0.0056818181818181004,-0.038528814911842346,-0.16959577333182096,19877.0,33.0,0.0193357387853243,-0.2142835691817762,13.909090909090908,1.5225832570858857,0.024857319075429096
2024-12,2.0,3.627337345662856,0.0625395392999053,0.2,0.040053523639607444,-0.3753882259596139,0.0063408521303258,-0.46906599402427673,25,0.4664285714285714,70.93846489811712,3.1005090180317,18318.926623376625,1.0454545454545454,54.88358905879067,72.125,33.875,21456.0,0.0,0.0,43.2,1.0,0.0,0.0083507306889352,-0.0473674237728118,-0.433891212567687,58583.0,14.0,0.0110129714968424,-0.1951928724379589,10.857142857142858,1.5319816153421615,0.009398358256275774
